/* uw_theme_xgm.c - auto-generated from VGMS/LM-Zelda_Underworld.vgm
 * SGDK XGM compiled blob for XGM_startPlay.
 * Regenerate with sgdk/bin/xgmtool.exe <input.vgm> <output.bin> -n. */
#include "uw_theme_xgm.h"

const unsigned char __attribute__((aligned(256))) uw_theme_xgm[24508] = {
    0x00, 0x00, 0x0f, 0x00, 0x0f, 0x00, 0x10, 0x00, 0xff, 0xff, 0x01, 0x00, 0xff, 0xff, 0x01, 0x00,
    0xff, 0xff, 0x01, 0x00, 0xff, 0xff, 0x01, 0x00, 0xff, 0xff, 0x01, 0x00, 0xff, 0xff, 0x01, 0x00,
    0xff, 0xff, 0x01, 0x00, 0xff, 0xff, 0x01, 0x00, 0xff, 0xff, 0x01, 0x00, 0xff, 0xff, 0x01, 0x00,
    0xff, 0xff, 0x01, 0x00, 0xff, 0xff, 0x01, 0x00, 0xff, 0xff, 0x01, 0x00, 0xff, 0xff, 0x01, 0x00,
    0xff, 0xff, 0x01, 0x00, 0xff, 0xff, 0x01, 0x00, 0xff, 0xff, 0x01, 0x00, 0xff, 0xff, 0x01, 0x00,
    0xff, 0xff, 0x01, 0x00, 0xff, 0xff, 0x01, 0x00, 0xff, 0xff, 0x01, 0x00, 0xff, 0xff, 0x01, 0x00,
    0xff, 0xff, 0x01, 0x00, 0xff, 0xff, 0x01, 0x00, 0xff, 0xff, 0x01, 0x00, 0xff, 0xff, 0x01, 0x00,
    0xff, 0xff, 0x01, 0x00, 0xff, 0xff, 0x01, 0x00, 0xff, 0xff, 0x01, 0x00, 0xff, 0xff, 0x01, 0x00,
    0xff, 0xff, 0x01, 0x00, 0xff, 0xff, 0x01, 0x00, 0xff, 0xff, 0x01, 0x00, 0xff, 0xff, 0x01, 0x00,
    0xff, 0xff, 0x01, 0x00, 0xff, 0xff, 0x01, 0x00, 0xff, 0xff, 0x01, 0x00, 0xff, 0xff, 0x01, 0x00,
    0xff, 0xff, 0x01, 0x00, 0xff, 0xff, 0x01, 0x00, 0xff, 0xff, 0x01, 0x00, 0xff, 0xff, 0x01, 0x00,
    0xff, 0xff, 0x01, 0x00, 0xff, 0xff, 0x01, 0x00, 0xff, 0xff, 0x01, 0x00, 0xff, 0xff, 0x01, 0x00,
    0xff, 0xff, 0x01, 0x00, 0xff, 0xff, 0x01, 0x00, 0xff, 0xff, 0x01, 0x00, 0xff, 0xff, 0x01, 0x00,
    0xff, 0xff, 0x01, 0x00, 0xff, 0xff, 0x01, 0x00, 0xff, 0xff, 0x01, 0x00, 0xff, 0xff, 0x01, 0x00,
    0xff, 0xff, 0x01, 0x00, 0xff, 0xff, 0x01, 0x00, 0xff, 0xff, 0x01, 0x00, 0xff, 0xff, 0x01, 0x00,
    0xff, 0xff, 0x01, 0x00, 0xff, 0xff, 0x01, 0x00, 0xff, 0xff, 0x01, 0x00, 0x1f, 0x00, 0x00, 0x02,
    0x00, 0x01, 0x01, 0x01, 0x01, 0x00, 0x00, 0x00, 0x03, 0x05, 0x07, 0x08, 0x0e, 0x0e, 0x0b, 0x06,
    0x03, 0x01, 0xff, 0xfd, 0xf9, 0xf7, 0xf4, 0xf1, 0xef, 0xee, 0xeb, 0xe7, 0xe3, 0xe0, 0xdc, 0xd9,
    0xd5, 0xd2, 0xd3, 0xd3, 0xd3, 0xd5, 0xd7, 0xd9, 0xdc, 0xe0, 0xe4, 0xe9, 0xf0, 0xf6, 0xfd, 0x02,
    0x06, 0x0c, 0x11, 0x15, 0x1a, 0x1f, 0x24, 0x28, 0x2c, 0x2e, 0x31, 0x33, 0x37, 0x3a, 0x3d, 0x3e,
    0x3f, 0x41, 0x41, 0x3f, 0x3e, 0x3d, 0x3c, 0x39, 0x36, 0x33, 0x2e, 0x27, 0x20, 0x18, 0x12, 0x0c,
    0x06, 0x01, 0xfb, 0xf6, 0xef, 0xe9, 0xe5, 0xe0, 0xdb, 0xd8, 0xd4, 0xd0, 0xcc, 0xc7, 0xc6, 0xc5,
    0xc6, 0xc6, 0xc8, 0xca, 0xce, 0xd1, 0xd5, 0xda, 0xe0, 0xe5, 0xea, 0xf0, 0xf6, 0xfc, 0x01, 0x06,
    0x0d, 0x12, 0x17, 0x1b, 0x20, 0x24, 0x28, 0x2a, 0x2e, 0x30, 0x31, 0x33, 0x34, 0x37, 0x38, 0x39,
    0x39, 0x39, 0x38, 0x37, 0x35, 0x33, 0x30, 0x2d, 0x2b, 0x27, 0x24, 0x1f, 0x1b, 0x16, 0x10, 0x0a,
    0x04, 0xfe, 0xf9, 0xf2, 0xed, 0xe7, 0xe3, 0xde, 0xd9, 0xd4, 0xd0, 0xcd, 0xca, 0xc7, 0xc5, 0xc3,
    0xc2, 0xc1, 0xc0, 0xbe, 0xbe, 0xbe, 0xbf, 0xc2, 0xc4, 0xc6, 0xc9, 0xcd, 0xd1, 0xd6, 0xda, 0xdf,
    0xe4, 0xe9, 0xee, 0xf2, 0xf8, 0xfc, 0x01, 0x05, 0x0a, 0x0e, 0x12, 0x15, 0x19, 0x1b, 0x1d, 0x20,
    0x22, 0x24, 0x25, 0x26, 0x26, 0x27, 0x27, 0x27, 0x27, 0x26, 0x26, 0x26, 0x26, 0x25, 0x24, 0x22,
    0x20, 0x1d, 0x1c, 0x1a, 0x17, 0x14, 0x11, 0x0f, 0x0c, 0x09, 0x06, 0x03, 0x00, 0xfd, 0xfa, 0xf5,
    0xf1, 0xed, 0xe9, 0xe7, 0xe4, 0xe2, 0xde, 0xdc, 0xda, 0xd8, 0xd7, 0xd4, 0xd3, 0xd2, 0xd2, 0xd1,
    0xd1, 0xd1, 0xd1, 0xd1, 0xd1, 0xd2, 0xd2, 0xd3, 0xd5, 0xd7, 0xd9, 0xdb, 0xde, 0xe1, 0xe4, 0xe7,
    0xea, 0xee, 0xf1, 0xf4, 0xf8, 0xfb, 0xfe, 0x01, 0x03, 0x07, 0x0b, 0x0e, 0x11, 0x14, 0x17, 0x19,
    0x1c, 0x1e, 0x1f, 0x21, 0x22, 0x24, 0x25, 0x25, 0x25, 0x26, 0x26, 0x26, 0x26, 0x25, 0x25, 0x24,
    0x24, 0x24, 0x23, 0x22, 0x21, 0x1f, 0x1f, 0x1e, 0x1c, 0x1b, 0x19, 0x17, 0x14, 0x13, 0x11, 0x0f,
    0x0d, 0x0a, 0x08, 0x06, 0x04, 0x03, 0x01, 0xff, 0xfd, 0xfb, 0xf8, 0xf5, 0xf2, 0xf0, 0xee, 0xeb,
    0xe9, 0xe7, 0xe6, 0xe4, 0xe3, 0xe3, 0xe1, 0xe0, 0xde, 0xde, 0xdd, 0xdd, 0xdd, 0xdd, 0xdd, 0xdd,
    0xdd, 0xde, 0xde, 0xde, 0xdf, 0xdf, 0xdf, 0xe1, 0xe2, 0xe3, 0xe4, 0xe6, 0xe7, 0xe9, 0xec, 0xed,
    0xf0, 0xf1, 0xf3, 0xf6, 0xf9, 0xfa, 0xfc, 0xfe, 0xff, 0x01, 0x02, 0x05, 0x06, 0x09, 0x0b, 0x0d,
    0x0f, 0x10, 0x12, 0x13, 0x14, 0x16, 0x17, 0x19, 0x19, 0x1a, 0x1b, 0x1b, 0x1c, 0x1c, 0x1d, 0x1d,
    0x1d, 0x1d, 0x1d, 0x1d, 0x1d, 0x1d, 0x1d, 0x1d, 0x1c, 0x1c, 0x1c, 0x1c, 0x1c, 0x1c, 0x1b, 0x1b,
    0x1b, 0x1a, 0x19, 0x18, 0x17, 0x16, 0x14, 0x13, 0x12, 0x11, 0x0f, 0x0e, 0x0d, 0x0b, 0x09, 0x08,
    0x06, 0x04, 0x03, 0x01, 0x00, 0xff, 0xfc, 0xfa, 0xf8, 0xf5, 0xf2, 0xf1, 0xef, 0xed, 0xeb, 0xe8,
    0xe7, 0xe6, 0xe5, 0xe4, 0xe3, 0xe2, 0xe0, 0xde, 0xde, 0xdd, 0xdd, 0xdd, 0xdc, 0xdc, 0xdc, 0xdc,
    0xdc, 0xdd, 0xdd, 0xde, 0xde, 0xdf, 0xdf, 0xe1, 0xe1, 0xe2, 0xe3, 0xe4, 0xe5, 0xe7, 0xe8, 0xea,
    0xec, 0xee, 0xf0, 0xf2, 0xf4, 0xf7, 0xf8, 0xfb, 0xfc, 0xfe, 0x00, 0x01, 0x03, 0x05, 0x07, 0x08,
    0x0a, 0x0c, 0x0e, 0x0f, 0x11, 0x12, 0x14, 0x17, 0x18, 0x19, 0x1a, 0x1b, 0x1b, 0x1c, 0x1d, 0x1e,
    0x1e, 0x1e, 0x1e, 0x1f, 0x1f, 0x1f, 0x1f, 0x1f, 0x1f, 0x1f, 0x1f, 0x1f, 0x1e, 0x1e, 0x1e, 0x1e,
    0x1d, 0x1d, 0x1d, 0x1c, 0x1b, 0x1b, 0x1a, 0x1a, 0x1a, 0x19, 0x18, 0x18, 0x17, 0x17, 0x16, 0x15,
    0x14, 0x12, 0x11, 0x10, 0x0f, 0x0e, 0x0d, 0x0c, 0x0a, 0x08, 0x07, 0x06, 0x05, 0x03, 0x02, 0x00,
    0x00, 0xfe, 0xfd, 0xfc, 0xfa, 0xf9, 0xf7, 0xf5, 0xf3, 0xf1, 0xf0, 0xee, 0xec, 0xe9, 0xe8, 0xe6,
    0xe5, 0xe4, 0xe3, 0xe2, 0xe0, 0xdf, 0xde, 0xdd, 0xdd, 0xdc, 0xdc, 0xdb, 0xdb, 0xda, 0xda, 0xda,
    0xd9, 0xda, 0xda, 0xda, 0xdb, 0xdb, 0xdb, 0xdc, 0xdc, 0xdd, 0xde, 0xde, 0xdf, 0xdf, 0xe1, 0xe2,
    0xe3, 0xe4, 0xe5, 0xe5, 0xe7, 0xe8, 0xe9, 0xeb, 0xed, 0xee, 0xf0, 0xf1, 0xf3, 0xf5, 0xf8, 0xf9,
    0xfb, 0xfc, 0xfe, 0xff, 0x01, 0x03, 0x04, 0x06, 0x07, 0x09, 0x0b, 0x0c, 0x0e, 0x10, 0x11, 0x12,
    0x13, 0x15, 0x17, 0x19, 0x1a, 0x1b, 0x1c, 0x1d, 0x1e, 0x1f, 0x20, 0x22, 0x22, 0x22, 0x23, 0x23,
    0x24, 0x24, 0x24, 0x24, 0x25, 0x24, 0x24, 0x24, 0x24, 0x24, 0x24, 0x24, 0x23, 0x23, 0x23, 0x22,
    0x22, 0x21, 0x21, 0x1f, 0x1f, 0x1e, 0x1d, 0x1d, 0x1c, 0x1c, 0x1b, 0x1a, 0x1a, 0x19, 0x18, 0x17,
    0x17, 0x16, 0x14, 0x14, 0x12, 0x11, 0x10, 0x0f, 0x0e, 0x0d, 0x0c, 0x0a, 0x08, 0x07, 0x06, 0x05,
    0x04, 0x03, 0x01, 0x00, 0xff, 0xfe, 0xfd, 0xfb, 0xfa, 0xf8, 0xf7, 0xf5, 0xf3, 0xf2, 0xf1, 0xf0,
    0xee, 0xec, 0xea, 0xe9, 0xe8, 0xe6, 0xe5, 0xe3, 0xe2, 0xdf, 0xde, 0xdd, 0xdc, 0xdb, 0xda, 0xd9,
    0xd8, 0xd7, 0xd7, 0xd6, 0xd6, 0xd5, 0xd4, 0xd4, 0xd4, 0xd4, 0xd4, 0xd4, 0xd5, 0xd6, 0xd6, 0xd6,
    0xd7, 0xd7, 0xd7, 0xd8, 0xd9, 0xd9, 0xda, 0xda, 0xda, 0xdb, 0xdd, 0xdd, 0xde, 0xdf, 0xe1, 0xe2,
    0xe2, 0xe4, 0xe5, 0xe6, 0xe7, 0xe7, 0xe8, 0xe9, 0xeb, 0xed, 0xef, 0xf0, 0xf1, 0xf2, 0xf4, 0xf6,
    0xf8, 0xfa, 0xfc, 0xfd, 0xff, 0x00, 0x01, 0x03, 0x04, 0x06, 0x07, 0x09, 0x0b, 0x0d, 0x0e, 0x10,
    0x11, 0x12, 0x13, 0x15, 0x17, 0x18, 0x19, 0x1a, 0x1b, 0x1c, 0x1d, 0x1e, 0x1f, 0x21, 0x22, 0x22,
    0x23, 0x23, 0x24, 0x25, 0x25, 0x26, 0x26, 0x26, 0x26, 0x27, 0x27, 0x27, 0x27, 0x27, 0x27, 0x26,
    0x26, 0x26, 0x26, 0x25, 0x25, 0x25, 0x24, 0x24, 0x23, 0x23, 0x23, 0x22, 0x22, 0x20, 0x1f, 0x1e,
    0x1e, 0x1d, 0x1d, 0x1c, 0x1b, 0x1a, 0x19, 0x18, 0x18, 0x17, 0x16, 0x15, 0x13, 0x12, 0x11, 0x10,
    0x10, 0x0f, 0x0e, 0x0c, 0x0b, 0x09, 0x09, 0x08, 0x07, 0x06, 0x04, 0x03, 0x02, 0x02, 0x00, 0x00,
    0x00, 0xfe, 0xfd, 0xfc, 0xfb, 0xfa, 0xf9, 0xf9, 0xf7, 0xf6, 0xf4, 0xf4, 0xf3, 0xf2, 0xf2, 0xf0,
    0xef, 0xef, 0xef, 0xef, 0xee, 0xee, 0xed, 0xed, 0xec, 0xec, 0xea, 0xea, 0xea, 0xe9, 0xe9, 0xe8,
    0xe8, 0xe8, 0xe8, 0xe7, 0xe7, 0xe7, 0xe7, 0xe7, 0xe7, 0xe7, 0xe7, 0xe7, 0xe7, 0xe7, 0xe7, 0xe7,
    0xe7, 0xe7, 0xe8, 0xe8, 0xe8, 0xe8, 0xe9, 0xe9, 0xe9, 0xea, 0xea, 0xea, 0xec, 0xec, 0xed, 0xed,
    0xee, 0xee, 0xef, 0xef, 0xef, 0xf0, 0xf0, 0xf2, 0xf2, 0xf2, 0xf3, 0xf3, 0xf4, 0xf5, 0xf6, 0xf7,
    0xf8, 0xf8, 0xf9, 0xf9, 0xfa, 0xfb, 0xfb, 0xfc, 0xfd, 0xfd, 0xfd, 0xfe, 0xff, 0x00, 0x00, 0x00,
    0x00, 0x00, 0x01, 0x02, 0x03, 0x03, 0x03, 0x04, 0x04, 0x05, 0x06, 0x06, 0x06, 0x07, 0x07, 0x07,
    0x08, 0x08, 0x09, 0x09, 0x09, 0x0b, 0x0b, 0x0b, 0x0c, 0x0c, 0x0c, 0x0c, 0x0c, 0x0c, 0x0c, 0x0d,
    0x0d, 0x0d, 0x0d, 0x0d, 0x0d, 0x0d, 0x0d, 0x0d, 0x0d, 0x0d, 0x0d, 0x0d, 0x0d, 0x0d, 0x0d, 0x0d,
    0x0d, 0x0c, 0x0c, 0x0c, 0x0c, 0x0c, 0x0c, 0x0b, 0x0b, 0x0b, 0x0a, 0x09, 0x09, 0x09, 0x09, 0x08,
    0x08, 0x08, 0x07, 0x07, 0x07, 0x06, 0x06, 0x06, 0x05, 0x05, 0x04, 0x04, 0x04, 0x04, 0x03, 0x03,
    0x02, 0x02, 0x02, 0x01, 0x01, 0x01, 0x00, 0x00, 0x00, 0x00, 0x00, 0x00, 0xff, 0xff, 0xfe, 0xfe,
    0xfe, 0xfe, 0xfd, 0xfd, 0xfd, 0xfd, 0xfc, 0xfc, 0xfc, 0xfc, 0xfc, 0xfb, 0xfb, 0xfb, 0xfb, 0xfa,
    0xfa, 0xfa, 0xfa, 0xfa, 0xf9, 0xf9, 0xf9, 0xf9, 0xf9, 0xf9, 0xf9, 0xf9, 0xf9, 0xf9, 0xf9, 0xf9,
    0xf9, 0xf9, 0xf9, 0xf9, 0xf9, 0xf9, 0xf9, 0xf9, 0xf9, 0xf9, 0xf9, 0xf9, 0xf9, 0xf9, 0xf9, 0xfa,
    0xfa, 0xfa, 0xfa, 0xfb, 0xfb, 0xfb, 0xfb, 0xfb, 0xfc, 0xfc, 0xfc, 0xfc, 0xfc, 0xfc, 0xfd, 0xfd,
    0xfd, 0xfd, 0xfd, 0xfe, 0xfe, 0xfe, 0xfe, 0xfe, 0xfe, 0xff, 0xff, 0xff, 0xff, 0x00, 0x00, 0x00,
    0x00, 0x00, 0x00, 0x00, 0x00, 0x00, 0x00, 0x00, 0x01, 0x01, 0x01, 0x01, 0x02, 0x01, 0x02, 0x02,
    0x02, 0x02, 0x02, 0x02, 0x02, 0x03, 0x03, 0x03, 0x03, 0x03, 0x03, 0x03, 0x03, 0x03, 0x04, 0x04,
    0x04, 0x04, 0x04, 0x04, 0x04, 0x04, 0x04, 0x04, 0x04, 0x04, 0x04, 0x04, 0x04, 0x04, 0x04, 0x04,
    0x04, 0x04, 0x03, 0x03, 0x03, 0x03, 0x03, 0x03, 0x03, 0x03, 0x03, 0x03, 0x02, 0x02, 0x02, 0x02,
    0x02, 0x02, 0x02, 0x02, 0x02, 0x02, 0x01, 0x01, 0x01, 0x01, 0x01, 0x01, 0x01, 0x00, 0x00, 0x00,
    0x00, 0x00, 0x00, 0x00, 0x00, 0x00, 0x00, 0x00, 0x00, 0x00, 0x00, 0xff, 0xff, 0xff, 0xff, 0xff,
    0xff, 0xff, 0xff, 0xfe, 0xfe, 0xfe, 0xfe, 0xfe, 0xfe, 0xfe, 0xfe, 0xfe, 0xfe, 0xfe, 0xfe, 0xfe,
    0xfe, 0xfe, 0xfd, 0xfd, 0xfd, 0xfd, 0xfd, 0xfd, 0xfd, 0xfd, 0xfd, 0xfd, 0xfd, 0xfd, 0xfd, 0xfd,
    0xfd, 0xfd, 0xfd, 0xfd, 0xfe, 0xfe, 0xfe, 0xfe, 0xfe, 0xfe, 0xfe, 0xfe, 0xfe, 0xfe, 0xfe, 0xfe,
    0xfe, 0xfe, 0xfe, 0xfe, 0xfe, 0xff, 0xff, 0xff, 0xff, 0xff, 0xff, 0xff, 0xff, 0xff, 0x00, 0x00,
    0x00, 0x00, 0x00, 0x00, 0x00, 0x00, 0x00, 0x00, 0x00, 0x00, 0x00, 0x00, 0x00, 0x00, 0x00, 0x00,
    0x00, 0x00, 0x00, 0x01, 0x01, 0x01, 0x01, 0x01, 0x01, 0x01, 0x01, 0x01, 0x01, 0x01, 0x01, 0x01,
    0x02, 0x02, 0x01, 0x01, 0x01, 0x01, 0x01, 0x01, 0x01, 0x01, 0x01, 0x01, 0x01, 0x01, 0x01, 0x01,
    0x01, 0x01, 0x01, 0x01, 0x01, 0x01, 0x01, 0x01, 0x01, 0x01, 0x01, 0x01, 0x01, 0x01, 0x01, 0x01,
    0x01, 0x01, 0x01, 0x01, 0x01, 0x01, 0x01, 0x01, 0x01, 0x00, 0x00, 0x00, 0x00, 0x00, 0x00, 0x00,
    0x00, 0x00, 0x00, 0x00, 0x00, 0x00, 0x00, 0x00, 0x00, 0x00, 0x00, 0x00, 0x00, 0x00, 0x00, 0x00,
    0x00, 0x00, 0x00, 0xff, 0xff, 0xff, 0xff, 0xff, 0xff, 0xff, 0xff, 0xff, 0xff, 0xff, 0xff, 0xff,
    0xff, 0xff, 0xff, 0xff, 0xff, 0xff, 0xff, 0xff, 0xff, 0xff, 0xff, 0xff, 0xff, 0xff, 0xff, 0xff,
    0xff, 0xff, 0xff, 0xff, 0xff, 0xff, 0xff, 0xff, 0xff, 0xff, 0xff, 0xff, 0xff, 0xff, 0xff, 0xff,
    0xff, 0xff, 0xff, 0xff, 0xff, 0xff, 0xff, 0xff, 0xff, 0xff, 0xff, 0xff, 0xff, 0xff, 0x00, 0x00,
    0x00, 0x00, 0x00, 0x00, 0x00, 0x00, 0x00, 0x00, 0x00, 0x00, 0x00, 0x00, 0x00, 0x00, 0x00, 0x00,
    0x00, 0x00, 0x00, 0x00, 0x00, 0x00, 0x00, 0x00, 0x00, 0x00, 0x00, 0x01, 0x01, 0x01, 0x01, 0x01,
    0x01, 0x01, 0x01, 0x01, 0x01, 0x01, 0x01, 0x01, 0x01, 0x01, 0x01, 0x01, 0x01, 0x01, 0x01, 0x01,
    0x01, 0x01, 0x01, 0x01, 0x01, 0x01, 0x01, 0x01, 0x01, 0x01, 0x01, 0x01, 0x01, 0x01, 0x01, 0x01,
    0x01, 0x01, 0x01, 0x01, 0x01, 0x01, 0x01, 0x01, 0x01, 0x01, 0x01, 0x01, 0x01, 0x01, 0x01, 0x01,
    0x01, 0x00, 0x00, 0x00, 0x00, 0x00, 0x00, 0x00, 0x00, 0x00, 0x00, 0x00, 0x00, 0x00, 0x00, 0x00,
    0x00, 0x00, 0x00, 0x00, 0x00, 0x00, 0x00, 0x00, 0x00, 0x00, 0x00, 0x00, 0x00, 0x00, 0x00, 0x00,
    0x00, 0x00, 0xff, 0xff, 0xff, 0xff, 0xff, 0xff, 0x00, 0xff, 0xff, 0xff, 0xff, 0xff, 0xff, 0xff,
    0xff, 0xff, 0xff, 0xff, 0xff, 0xff, 0xff, 0xff, 0xff, 0xff, 0xff, 0xff, 0xff, 0xff, 0xff, 0xff,
    0xff, 0xff, 0xff, 0xff, 0xff, 0xff, 0xff, 0xff, 0xff, 0xff, 0xff, 0xff, 0xff, 0xff, 0xff, 0xff,
    0xff, 0xff, 0xff, 0xff, 0xff, 0xff, 0xff, 0xff, 0xff, 0xff, 0xff, 0xff, 0xff, 0xff, 0xff, 0x00,
    0x00, 0x00, 0x00, 0x00, 0x00, 0x00, 0x00, 0x00, 0x00, 0x00, 0x00, 0x00, 0x00, 0x00, 0x00, 0x00,
    0x00, 0x00, 0x00, 0x00, 0x00, 0x00, 0x00, 0x00, 0x00, 0x00, 0x00, 0x00, 0x00, 0x00, 0x00, 0x00,
    0x00, 0x00, 0x00, 0x00, 0x00, 0x00, 0x00, 0x00, 0x00, 0x00, 0x00, 0x00, 0x01, 0x00, 0x00, 0x01,
    0x00, 0x01, 0x00, 0x00, 0x00, 0x00, 0x00, 0x00, 0x00, 0x00, 0x01, 0x01, 0x00, 0x01, 0x00, 0x00,
    0x00, 0x00, 0x00, 0x01, 0x00, 0x01, 0x00, 0x01, 0x00, 0x00, 0x00, 0x00, 0x00, 0x00, 0x00, 0x00,
    0x00, 0x00, 0x00, 0x00, 0x00, 0x00, 0x00, 0x00, 0x00, 0x00, 0x00, 0x00, 0x00, 0x00, 0x00, 0x00,
    0x00, 0x00, 0x00, 0x00, 0x00, 0x00, 0x00, 0x00, 0x00, 0x00, 0x00, 0x00, 0x00, 0x00, 0x00, 0x00,
    0x00, 0x00, 0x00, 0x00, 0x00, 0x00, 0x00, 0x00, 0x00, 0x00, 0x00, 0x00, 0x00, 0x00, 0x00, 0x00,
    0x00, 0x00, 0x00, 0x00, 0x00, 0x00, 0xff, 0xff, 0xff, 0xff, 0xff, 0xff, 0xff, 0xff, 0xff, 0xff,
    0xff, 0xff, 0x00, 0x00, 0x00, 0x00, 0x00, 0x00, 0x00, 0x00, 0x00, 0x00, 0x00, 0x00, 0x00, 0x00,
    0x00, 0x00, 0x00, 0x00, 0x00, 0x00, 0x00, 0x00, 0x00, 0x00, 0x00, 0x00, 0x00, 0x00, 0x00, 0x00,
    0x00, 0x00, 0x00, 0x00, 0x00, 0x00, 0x00, 0x00, 0x00, 0x00, 0x00, 0x00, 0x00, 0x00, 0x00, 0x00,
    0x00, 0x00, 0x00, 0x00, 0x00, 0x00, 0x00, 0x00, 0x00, 0x00, 0x00, 0x00, 0x00, 0x00, 0x00, 0x00,
    0x00, 0x00, 0x00, 0x00, 0x00, 0x00, 0x00, 0x00, 0x00, 0x00, 0x00, 0x00, 0x00, 0x00, 0x00, 0x00,
    0x00, 0x00, 0x00, 0x00, 0x00, 0x00, 0x00, 0x00, 0x00, 0x00, 0x00, 0x00, 0x00, 0x00, 0x00, 0x00,
    0x00, 0x00, 0x00, 0x00, 0x00, 0x00, 0x00, 0x00, 0x00, 0x00, 0x00, 0x00, 0x00, 0x00, 0x00, 0x00,
    0x00, 0x00, 0x00, 0x00, 0x00, 0x00, 0x00, 0x00, 0x00, 0x00, 0x00, 0x00, 0x00, 0x00, 0x00, 0x00,
    0x00, 0x00, 0x00, 0x00, 0x00, 0x00, 0x00, 0x00, 0x00, 0x00, 0x00, 0x00, 0x00, 0x00, 0x00, 0x00,
    0x00, 0x00, 0x00, 0x00, 0x00, 0x00, 0x00, 0x00, 0x00, 0x00, 0x00, 0x00, 0x00, 0x00, 0x00, 0x00,
    0x00, 0x00, 0x00, 0x00, 0x00, 0x00, 0x00, 0x00, 0x00, 0x00, 0x00, 0x00, 0x00, 0x00, 0x00, 0x00,
    0x00, 0x00, 0x00, 0x00, 0x00, 0x00, 0x00, 0x00, 0x00, 0x00, 0x00, 0x00, 0x00, 0x00, 0x00, 0x00,
    0x00, 0x00, 0x00, 0x00, 0x00, 0x00, 0x00, 0x00, 0x00, 0x00, 0x00, 0x00, 0x00, 0x00, 0x00, 0x00,
    0x00, 0x00, 0x00, 0x00, 0x00, 0x00, 0x00, 0x00, 0x00, 0x00, 0x00, 0x00, 0x00, 0x00, 0x00, 0x00,
    0x00, 0x00, 0x00, 0x00, 0x00, 0x00, 0x00, 0x00, 0x00, 0x00, 0x00, 0x00, 0x00, 0x00, 0x00, 0x00,
    0x00, 0x00, 0x00, 0x00, 0x00, 0x00, 0x00, 0x00, 0x00, 0x00, 0x00, 0x00, 0x00, 0x00, 0x00, 0x00,
    0x00, 0x00, 0x00, 0x00, 0x00, 0x00, 0x00, 0x00, 0x00, 0x00, 0x00, 0x00, 0x00, 0x00, 0x00, 0x00,
    0x00, 0x00, 0x00, 0x00, 0x00, 0x00, 0x00, 0x00, 0x00, 0x00, 0x00, 0x00, 0x00, 0x00, 0x00, 0x00,
    0x00, 0x00, 0x00, 0x00, 0x00, 0x00, 0x00, 0x00, 0x00, 0x00, 0x00, 0x00, 0x00, 0x00, 0x00, 0x00,
    0x00, 0x00, 0x00, 0x00, 0x00, 0x00, 0x00, 0x00, 0x00, 0x00, 0x00, 0x00, 0x00, 0x00, 0x00, 0x00,
    0x00, 0x00, 0x00, 0x00, 0x00, 0x00, 0x00, 0x00, 0x00, 0x00, 0x00, 0x00, 0x00, 0x00, 0x00, 0x00,
    0x00, 0x00, 0x00, 0x00, 0x00, 0x00, 0x00, 0x00, 0x00, 0x00, 0x00, 0x00, 0x00, 0x00, 0x00, 0x00,
    0x00, 0x00, 0x00, 0x00, 0x00, 0x00, 0x00, 0x00, 0x00, 0x00, 0x00, 0x00, 0x00, 0x00, 0x00, 0x00,
    0x00, 0x00, 0x00, 0x00, 0x00, 0x00, 0x00, 0x00, 0x00, 0x00, 0x00, 0x00, 0x00, 0x00, 0x00, 0x00,
    0x00, 0x00, 0x00, 0x00, 0x00, 0x00, 0x00, 0x00, 0x00, 0x00, 0x00, 0x00, 0x00, 0x00, 0x00, 0x00,
    0x00, 0x00, 0x00, 0x00, 0x00, 0x00, 0x00, 0x00, 0x00, 0x00, 0x00, 0x00, 0x00, 0x00, 0x00, 0x00,
    0x00, 0x00, 0x00, 0x00, 0x00, 0x00, 0x00, 0x00, 0x00, 0x00, 0x00, 0x00, 0x00, 0x00, 0x00, 0x00,
    0x00, 0x00, 0x00, 0x00, 0x00, 0x00, 0x00, 0x00, 0x00, 0x00, 0x00, 0x00, 0x00, 0x00, 0x00, 0x00,
    0x00, 0x00, 0x00, 0x00, 0x00, 0x00, 0x00, 0x00, 0x00, 0x00, 0x00, 0x00, 0x00, 0x00, 0x00, 0x00,
    0x00, 0x00, 0x00, 0x00, 0x00, 0x00, 0x00, 0x00, 0x00, 0x00, 0x00, 0x00, 0x00, 0x00, 0x00, 0x00,
    0x00, 0x00, 0x00, 0x00, 0x00, 0x00, 0x00, 0x00, 0x00, 0x00, 0x00, 0x00, 0x00, 0x00, 0x00, 0x00,
    0x00, 0x00, 0x00, 0x00, 0x00, 0x00, 0x00, 0x00, 0x00, 0x00, 0x00, 0x00, 0x00, 0x00, 0x00, 0x00,
    0x00, 0x00, 0x00, 0x00, 0x00, 0x00, 0x00, 0x00, 0x00, 0x00, 0x00, 0x00, 0x00, 0x00, 0x00, 0x00,
    0x00, 0x00, 0x00, 0x00, 0x00, 0x00, 0x00, 0x00, 0x00, 0x00, 0x00, 0x00, 0x00, 0x00, 0x00, 0x00,
    0x00, 0x00, 0x00, 0x00, 0x00, 0x00, 0x00, 0x00, 0x00, 0x00, 0x00, 0x00, 0x00, 0x00, 0x00, 0x00,
    0x00, 0x00, 0x00, 0x00, 0x00, 0x00, 0x00, 0x00, 0x00, 0x00, 0x00, 0x00, 0x00, 0x00, 0x00, 0x00,
    0x00, 0x00, 0x00, 0x00, 0x00, 0x00, 0x00, 0x00, 0x00, 0x00, 0x00, 0x00, 0x00, 0x00, 0x00, 0x00,
    0x00, 0x00, 0x00, 0x00, 0x00, 0x00, 0x00, 0x00, 0x00, 0x00, 0x00, 0x00, 0x00, 0x00, 0x00, 0x00,
    0x00, 0x00, 0x00, 0x00, 0x00, 0x00, 0x00, 0x00, 0x00, 0x00, 0x00, 0x00, 0x00, 0x00, 0x00, 0x00,
    0x00, 0x00, 0x00, 0x00, 0x00, 0x00, 0x00, 0x00, 0x00, 0x00, 0x00, 0x00, 0x00, 0x00, 0x00, 0x00,
    0x00, 0x00, 0x00, 0x00, 0x00, 0x00, 0x00, 0x00, 0x00, 0x00, 0x00, 0x00, 0x00, 0x00, 0x00, 0x00,
    0x00, 0x00, 0x00, 0x00, 0x00, 0x00, 0x00, 0x00, 0x00, 0x00, 0x00, 0x00, 0x00, 0x00, 0x00, 0x00,
    0x00, 0x00, 0x00, 0x00, 0x00, 0x00, 0x00, 0x00, 0x00, 0x00, 0x00, 0x00, 0x00, 0x00, 0x00, 0x00,
    0x00, 0x00, 0x00, 0x00, 0x00, 0x00, 0x00, 0x00, 0x00, 0x00, 0x00, 0x00, 0x00, 0x00, 0x00, 0x00,
    0x00, 0x00, 0x00, 0x00, 0x00, 0x00, 0x00, 0x00, 0x00, 0x00, 0x00, 0x00, 0x00, 0x00, 0x00, 0x00,
    0x00, 0x00, 0x00, 0x00, 0x00, 0x00, 0x00, 0x00, 0x00, 0x00, 0x00, 0x00, 0x00, 0x00, 0x00, 0x00,
    0x00, 0x00, 0x00, 0x00, 0x00, 0x00, 0x00, 0x00, 0x00, 0x00, 0x00, 0x00, 0x00, 0x00, 0x00, 0x00,
    0x00, 0x00, 0x00, 0x00, 0x00, 0x00, 0x00, 0x00, 0x00, 0x00, 0x00, 0x00, 0x00, 0x00, 0x00, 0x00,
    0x00, 0x00, 0x00, 0x00, 0x00, 0x00, 0x00, 0x00, 0x00, 0x00, 0x00, 0x00, 0x00, 0x00, 0x00, 0x00,
    0x00, 0x00, 0x00, 0x00, 0x00, 0x00, 0x00, 0x00, 0x00, 0x00, 0x00, 0x00, 0x00, 0x00, 0x00, 0x00,
    0x00, 0x00, 0x00, 0x00, 0x00, 0x00, 0x00, 0x00, 0x00, 0x00, 0x00, 0x00, 0x00, 0x00, 0x00, 0x00,
    0x00, 0x00, 0x00, 0x00, 0x00, 0x00, 0x00, 0x00, 0x00, 0x00, 0x00, 0x00, 0x00, 0x00, 0x00, 0x00,
    0x00, 0x00, 0x00, 0x00, 0x00, 0x00, 0x00, 0x00, 0x00, 0x00, 0x00, 0x00, 0x00, 0x00, 0x00, 0x00,
    0x00, 0x00, 0x00, 0x00, 0x00, 0x00, 0x00, 0x00, 0x00, 0x00, 0x00, 0x00, 0x00, 0x00, 0x00, 0x00,
    0x00, 0x00, 0x00, 0x00, 0x00, 0x00, 0x00, 0x00, 0x00, 0x00, 0x00, 0x00, 0x00, 0x00, 0x00, 0x00,
    0x00, 0x00, 0x00, 0x00, 0x00, 0x00, 0x00, 0x00, 0x00, 0x00, 0x00, 0x00, 0x00, 0x00, 0x00, 0x00,
    0x00, 0x00, 0x00, 0x00, 0x00, 0x00, 0x00, 0x00, 0x00, 0x00, 0x00, 0x00, 0x00, 0x00, 0x00, 0x00,
    0x00, 0x00, 0x00, 0x00, 0x00, 0x00, 0x00, 0x00, 0x00, 0x00, 0x00, 0x00, 0x00, 0x00, 0x00, 0x00,
    0x00, 0x00, 0x00, 0x00, 0x00, 0x00, 0x00, 0x00, 0x00, 0x00, 0x00, 0x00, 0x00, 0x00, 0x00, 0x00,
    0x00, 0x00, 0x00, 0x00, 0x00, 0x00, 0x00, 0x00, 0x00, 0x00, 0x00, 0x00, 0x00, 0x00, 0x00, 0x00,
    0x00, 0x00, 0x00, 0x00, 0x00, 0x00, 0x00, 0x00, 0x00, 0x00, 0x00, 0x00, 0x00, 0x00, 0x00, 0x00,
    0x00, 0x00, 0x00, 0x00, 0x00, 0x00, 0x00, 0x00, 0x00, 0x00, 0x00, 0x00, 0x00, 0x00, 0x00, 0x00,
    0x00, 0x00, 0x00, 0x00, 0x00, 0x00, 0x00, 0x00, 0x00, 0x00, 0x00, 0x00, 0x00, 0x00, 0x00, 0x00,
    0x00, 0x00, 0x00, 0x00, 0x00, 0x00, 0x00, 0x00, 0x00, 0x00, 0x00, 0x00, 0x00, 0x00, 0x00, 0x00,
    0x00, 0x00, 0x00, 0x00, 0x00, 0x00, 0x00, 0x00, 0x00, 0x00, 0x00, 0x00, 0x00, 0x00, 0x00, 0x00,
    0x00, 0x00, 0x00, 0x00, 0x00, 0x00, 0x00, 0x00, 0x00, 0x00, 0x00, 0x00, 0x00, 0x00, 0x00, 0x00,
    0x00, 0x00, 0x00, 0x00, 0x00, 0x00, 0x00, 0x00, 0x00, 0x00, 0x00, 0x00, 0x00, 0x00, 0x00, 0x00,
    0x00, 0x00, 0x00, 0x00, 0x00, 0x00, 0x00, 0x00, 0x00, 0x00, 0x00, 0x00, 0x00, 0x00, 0x00, 0x00,
    0x00, 0x00, 0x00, 0x00, 0x00, 0x00, 0x00, 0x00, 0x00, 0x00, 0x00, 0x00, 0x00, 0x00, 0x00, 0x00,
    0x00, 0x00, 0x00, 0x00, 0x00, 0x00, 0x00, 0x00, 0x00, 0x00, 0x00, 0x00, 0x00, 0x00, 0x00, 0x00,
    0x00, 0x00, 0x00, 0x00, 0x00, 0x00, 0x00, 0x00, 0x00, 0x00, 0x00, 0x00, 0x00, 0x00, 0x00, 0x00,
    0x00, 0x00, 0x00, 0x00, 0x00, 0x00, 0x00, 0x00, 0x00, 0x00, 0x00, 0x00, 0x00, 0x00, 0x00, 0x00,
    0x00, 0x00, 0x00, 0x00, 0x00, 0x00, 0x00, 0x00, 0x00, 0x00, 0x00, 0x00, 0x00, 0x00, 0x00, 0x00,
    0x00, 0x00, 0x00, 0x00, 0x00, 0x00, 0x00, 0x00, 0x00, 0x00, 0x00, 0x00, 0x00, 0x00, 0x00, 0x00,
    0x00, 0x00, 0x00, 0x00, 0x00, 0x00, 0x00, 0x00, 0x00, 0x00, 0x00, 0x00, 0x00, 0x00, 0x00, 0x00,
    0x00, 0x00, 0x00, 0x00, 0x00, 0x00, 0x00, 0x00, 0x00, 0x00, 0x00, 0x00, 0x00, 0x00, 0x00, 0x00,
    0x00, 0x00, 0x00, 0x00, 0x00, 0x00, 0x00, 0x00, 0x00, 0x00, 0x00, 0x00, 0x00, 0x00, 0x00, 0x00,
    0x00, 0x00, 0x00, 0x00, 0x00, 0x00, 0x00, 0x00, 0x00, 0x00, 0x00, 0x00, 0x00, 0x00, 0x00, 0x00,
    0x00, 0x00, 0x00, 0x00, 0x00, 0x00, 0x00, 0x00, 0x00, 0x00, 0x00, 0x00, 0x00, 0x00, 0x00, 0x00,
    0x00, 0x00, 0x00, 0x00, 0x00, 0x00, 0x00, 0x00, 0x00, 0x00, 0x00, 0x00, 0x00, 0x00, 0x00, 0x00,
    0x00, 0x00, 0x00, 0x00, 0x00, 0x00, 0x00, 0x00, 0x00, 0x00, 0x00, 0x00, 0x00, 0x00, 0x00, 0x00,
    0x00, 0x00, 0x00, 0x00, 0x00, 0x00, 0x00, 0x00, 0x00, 0x00, 0x00, 0x00, 0x00, 0x00, 0x00, 0x00,
    0x00, 0x00, 0x00, 0x00, 0x00, 0x00, 0x00, 0x00, 0x00, 0x00, 0x00, 0x00, 0x00, 0x00, 0x00, 0x00,
    0x00, 0x00, 0x00, 0x00, 0x00, 0x00, 0x00, 0x00, 0x00, 0x00, 0x00, 0x00, 0x00, 0x00, 0x00, 0x00,
    0x00, 0x00, 0x00, 0x00, 0x00, 0x00, 0x00, 0x00, 0x00, 0x00, 0x00, 0x00, 0x00, 0x00, 0x00, 0x00,
    0x00, 0x00, 0x00, 0x00, 0x00, 0x00, 0x00, 0x00, 0x00, 0x00, 0x00, 0x00, 0x00, 0x00, 0x00, 0x00,
    0x00, 0x00, 0x00, 0x00, 0x00, 0x00, 0x00, 0x00, 0x00, 0x00, 0x00, 0x00, 0x00, 0x00, 0x00, 0x00,
    0x00, 0x00, 0x00, 0x00, 0x00, 0x00, 0x00, 0x00, 0x00, 0x00, 0x00, 0x00, 0x00, 0x00, 0x00, 0x00,
    0x00, 0x00, 0x00, 0x00, 0x00, 0x00, 0x00, 0x00, 0x00, 0x00, 0x00, 0x00, 0x00, 0x00, 0x00, 0x00,
    0x00, 0x00, 0x00, 0x00, 0x00, 0x00, 0x00, 0x00, 0x00, 0x00, 0x00, 0x00, 0x00, 0x00, 0x00, 0x00,
    0x00, 0x00, 0x00, 0x00, 0x00, 0x00, 0x00, 0x00, 0x00, 0x00, 0x00, 0x00, 0x00, 0x00, 0x00, 0x00,
    0x00, 0x00, 0x00, 0x00, 0x00, 0x00, 0x00, 0x00, 0x00, 0x00, 0x00, 0x00, 0x00, 0x00, 0x00, 0x00,
    0x00, 0x00, 0x00, 0x00, 0x00, 0x00, 0x00, 0x00, 0x00, 0x00, 0x00, 0x00, 0x00, 0x00, 0x00, 0x00,
    0x00, 0x00, 0x00, 0x00, 0x00, 0x00, 0x00, 0x00, 0x00, 0x00, 0x00, 0x00, 0x00, 0x00, 0x00, 0x00,
    0x00, 0x00, 0x00, 0x00, 0x00, 0x00, 0x00, 0x00, 0x00, 0x00, 0x00, 0x00, 0x00, 0x00, 0x00, 0x00,
    0x00, 0x00, 0x00, 0x00, 0x00, 0x00, 0x00, 0x00, 0x00, 0x00, 0x00, 0x00, 0x00, 0x00, 0x00, 0x00,
    0x00, 0x00, 0x00, 0x00, 0x00, 0x00, 0x00, 0x00, 0x00, 0x00, 0x00, 0x00, 0x00, 0x00, 0x00, 0x00,
    0x00, 0x00, 0x00, 0x00, 0x00, 0x00, 0x00, 0x00, 0x00, 0x00, 0x00, 0x00, 0x00, 0x00, 0x00, 0x00,
    0x00, 0x00, 0x00, 0x00, 0x00, 0x00, 0x00, 0x00, 0x00, 0x00, 0x00, 0x00, 0x00, 0x00, 0x00, 0x00,
    0x00, 0x00, 0x00, 0x00, 0x00, 0x00, 0x00, 0x00, 0x00, 0x00, 0x00, 0x00, 0x00, 0x00, 0x00, 0x00,
    0x00, 0x00, 0x00, 0x00, 0x00, 0x00, 0x00, 0x00, 0x00, 0x00, 0x00, 0x00, 0x00, 0x00, 0x00, 0x00,
    0x00, 0x00, 0x00, 0x00, 0x00, 0x00, 0x00, 0x00, 0x00, 0x00, 0x00, 0x00, 0x00, 0x00, 0x00, 0x00,
    0x00, 0x00, 0x00, 0x00, 0x00, 0x00, 0x00, 0x00, 0x00, 0x00, 0x00, 0x00, 0x00, 0x00, 0x00, 0x00,
    0x00, 0x00, 0x00, 0x00, 0x00, 0x00, 0x00, 0x00, 0x00, 0x00, 0x00, 0x00, 0x00, 0x00, 0x00, 0x00,
    0x00, 0x00, 0x00, 0x00, 0x00, 0x00, 0x00, 0x00, 0x00, 0x00, 0x00, 0x00, 0x00, 0x00, 0x00, 0x00,
    0x00, 0x00, 0x00, 0x00, 0x00, 0x00, 0x00, 0x00, 0x00, 0x00, 0x00, 0x00, 0x00, 0x00, 0x00, 0x00,
    0x00, 0x00, 0x00, 0x00, 0x00, 0x00, 0x00, 0x00, 0x00, 0x00, 0x00, 0x00, 0x00, 0x00, 0x00, 0x00,
    0x00, 0x00, 0x00, 0x00, 0x00, 0x00, 0x00, 0x00, 0x00, 0x00, 0x00, 0x00, 0x00, 0x00, 0x00, 0x00,
    0x00, 0x00, 0x00, 0x00, 0x00, 0x00, 0x00, 0x00, 0x00, 0x00, 0x00, 0x00, 0x00, 0x00, 0x00, 0x00,
    0x00, 0x00, 0x00, 0x00, 0x00, 0x00, 0x00, 0x00, 0x00, 0x00, 0x00, 0x00, 0x00, 0x00, 0x00, 0x00,
    0x00, 0x00, 0x00, 0x00, 0x00, 0x00, 0x00, 0x00, 0x00, 0x00, 0x00, 0x00, 0x00, 0x00, 0x00, 0x00,
    0x00, 0x00, 0x00, 0x00, 0x00, 0x00, 0x00, 0x00, 0x00, 0x00, 0x00, 0x00, 0x00, 0x00, 0x00, 0x00,
    0x00, 0x00, 0x00, 0x00, 0x00, 0x00, 0x00, 0x00, 0x00, 0x00, 0x00, 0x00, 0x00, 0x00, 0x00, 0x00,
    0x00, 0x00, 0x00, 0x00, 0x00, 0x00, 0x00, 0x00, 0x00, 0x00, 0x00, 0x00, 0x00, 0x00, 0x00, 0x00,
    0x00, 0x00, 0x00, 0x00, 0x00, 0x00, 0x00, 0x00, 0x00, 0x00, 0x00, 0x00, 0x00, 0x00, 0x00, 0x00,
    0x00, 0x00, 0x00, 0x00, 0x00, 0x00, 0x00, 0x00, 0x00, 0x00, 0x00, 0x00, 0x00, 0x00, 0x00, 0x00,
    0x00, 0x00, 0x00, 0x00, 0x00, 0x00, 0x00, 0x00, 0x00, 0x00, 0x00, 0x00, 0x00, 0x00, 0x00, 0x00,
    0x00, 0x00, 0x00, 0x00, 0x00, 0x00, 0x00, 0x00, 0x00, 0x00, 0x00, 0x00, 0x00, 0x00, 0x00, 0x00,
    0x00, 0x00, 0x00, 0x00, 0x00, 0x00, 0x00, 0x00, 0x00, 0x00, 0x00, 0x00, 0x00, 0x00, 0x00, 0x00,
    0x00, 0x00, 0x00, 0x00, 0x00, 0x00, 0x00, 0x00, 0x00, 0x00, 0x00, 0x00, 0x00, 0x00, 0x00, 0x00,
    0x00, 0x00, 0x00, 0x00, 0x00, 0x00, 0x00, 0x00, 0x00, 0x00, 0x00, 0x00, 0x00, 0x00, 0x00, 0x00,
    0x00, 0x00, 0x00, 0x00, 0x00, 0x00, 0x00, 0x00, 0x00, 0x00, 0x00, 0x00, 0x00, 0x00, 0x00, 0x00,
    0x00, 0x00, 0x00, 0x00, 0x00, 0x00, 0x00, 0x00, 0x00, 0x00, 0x00, 0x00, 0x00, 0x00, 0x00, 0x00,
    0x00, 0x00, 0x00, 0x00, 0x00, 0x00, 0x00, 0x00, 0x00, 0x00, 0x00, 0x00, 0x00, 0x00, 0x00, 0x00,
    0x00, 0x00, 0x00, 0x00, 0x00, 0x00, 0x00, 0x00, 0x00, 0x00, 0x00, 0x00, 0x00, 0x00, 0x00, 0x00,
    0x00, 0x00, 0x00, 0x00, 0x00, 0x00, 0x00, 0x00, 0x00, 0x00, 0x00, 0x00, 0x00, 0x00, 0x00, 0x00,
    0x00, 0x00, 0x00, 0x00, 0x00, 0x00, 0x00, 0x00, 0x00, 0x00, 0x00, 0x00, 0x00, 0x00, 0x00, 0x00,
    0x00, 0x00, 0x00, 0x00, 0x00, 0x00, 0x00, 0x00, 0x00, 0x00, 0x00, 0x00, 0x00, 0x00, 0x00, 0x00,
    0x00, 0x00, 0x00, 0x00, 0x00, 0x00, 0x00, 0x00, 0x00, 0x00, 0x00, 0x00, 0x00, 0x00, 0x00, 0x00,
    0x00, 0x00, 0x00, 0x00, 0x00, 0x00, 0x00, 0x00, 0x00, 0x00, 0x00, 0x00, 0x00, 0x01, 0xff, 0x00,
    0xff, 0x00, 0x02, 0xfd, 0x04, 0xf9, 0x02, 0xfa, 0x02, 0xfa, 0xfe, 0x05, 0xfa, 0x00, 0xff, 0x01,
    0x02, 0x03, 0xfc, 0xff, 0xff, 0xfb, 0xfd, 0x01, 0x00, 0x0c, 0xf5, 0x0a, 0xfd, 0x00, 0xff, 0xff,
    0x06, 0xfe, 0xff, 0x02, 0x07, 0xfe, 0x04, 0xfa, 0xfc, 0x00, 0xfe, 0xfd, 0xfc, 0x02, 0xf7, 0x0c,
    0x00, 0x06, 0xfd, 0x02, 0xf7, 0x0b, 0xfa, 0x09, 0xfb, 0xfd, 0x02, 0xee, 0x03, 0xf8, 0x00, 0x00,
    0x00, 0x03, 0x06, 0xfd, 0x00, 0x01, 0x03, 0xff, 0xfd, 0x07, 0xef, 0x0e, 0xf9, 0x03, 0x03, 0xfe,
    0xfb, 0x03, 0xf8, 0x00, 0xfa, 0xfe, 0xfe, 0xf9, 0x0c, 0xfa, 0x02, 0x01, 0xfe, 0x09, 0xfc, 0x02,
    0xf5, 0x0c, 0xfe, 0x07, 0xfe, 0xfc, 0xee, 0x03, 0xfb, 0xfc, 0x00, 0x01, 0x01, 0x00, 0x01, 0xfe,
    0xfd, 0xf9, 0xfe, 0x04, 0x05, 0xff, 0x05, 0xfa, 0x06, 0xf5, 0x08, 0xf8, 0x00, 0xf3, 0x0a, 0xf4,
    0x04, 0xf3, 0x04, 0xf1, 0x08, 0x00, 0x00, 0x04, 0x02, 0xfa, 0x0f, 0x0d, 0x06, 0x06, 0x07, 0xff,
    0x03, 0x03, 0xf0, 0x03, 0xfe, 0xf7, 0x0d, 0xf0, 0x01, 0xfd, 0xfe, 0xfb, 0xff, 0xf9, 0xf8, 0xf3,
    0xff, 0xff, 0x04, 0x06, 0x08, 0x08, 0xfe, 0x0c, 0xfe, 0x0b, 0xff, 0x09, 0x01, 0x12, 0xee, 0xf9,
    0xf6, 0xf6, 0xf8, 0x01, 0xff, 0x07, 0xfb, 0xf8, 0xfe, 0xf4, 0x02, 0xe9, 0x0a, 0xfa, 0x00, 0x08,
    0x04, 0x10, 0x08, 0x03, 0x0b, 0x06, 0xfb, 0xff, 0xf0, 0x0d, 0xf6, 0x08, 0xfd, 0x04, 0x00, 0xf4,
    0xf4, 0xfa, 0xef, 0x00, 0x03, 0x05, 0x00, 0x07, 0xfa, 0xf8, 0xf7, 0x00, 0x01, 0x0b, 0x07, 0x04,
    0x0a, 0x00, 0x05, 0xf8, 0xfe, 0xfe, 0xfe, 0xff, 0x01, 0x02, 0xfc, 0x01, 0xf5, 0x06, 0xf9, 0xff,
    0xf5, 0xfe, 0xfd, 0x00, 0xfd, 0xff, 0xfe, 0xf8, 0xfd, 0xfa, 0xff, 0xf9, 0x00, 0x02, 0x05, 0x0c,
    0x06, 0x0d, 0x05, 0x09, 0xfc, 0x03, 0x06, 0x12, 0x00, 0x03, 0x04, 0x02, 0xf8, 0xec, 0x0a, 0xea,
    0x00, 0xfb, 0x01, 0xfa, 0xff, 0xed, 0x0e, 0xf8, 0xfc, 0x02, 0x01, 0x04, 0x01, 0x05, 0x02, 0x10,
    0x02, 0x01, 0x09, 0xfc, 0x03, 0xfa, 0x05, 0x04, 0x00, 0xfe, 0xff, 0xff, 0xf1, 0x00, 0xfd, 0xf9,
    0xf7, 0xff, 0xfd, 0x00, 0xf2, 0xfc, 0xfd, 0x01, 0x02, 0x10, 0xfd, 0x09, 0x03, 0xff, 0xfd, 0x06,
    0xfe, 0x07, 0x00, 0x03, 0xf8, 0x01, 0xea, 0x0f, 0xf9, 0x04, 0xfd, 0x00, 0xf6, 0x02, 0xf9, 0x01,
    0xfb, 0xfa, 0xfb, 0x03, 0x01, 0x01, 0x07, 0xfc, 0x01, 0xfe, 0xf7, 0xff, 0xf6, 0x00, 0xfd, 0x06,
    0x02, 0x04, 0xfa, 0x00, 0xff, 0xfd, 0xfe, 0x01, 0xfe, 0x03, 0x01, 0x0f, 0xfc, 0x00, 0xf8, 0xfe,
    0xfa, 0xff, 0xff, 0x05, 0xfd, 0xfe, 0xfe, 0x00, 0xfc, 0xfd, 0xf7, 0x02, 0xfe, 0x03, 0x07, 0xf5,
    0x0c, 0x02, 0x04, 0x01, 0x00, 0xf6, 0x06, 0x01, 0x07, 0x01, 0x05, 0xf9, 0xff, 0xfe, 0xfc, 0xfe,
    0xfb, 0xfa, 0x02, 0xfd, 0xff, 0x05, 0x02, 0x03, 0x02, 0x03, 0x04, 0xfb, 0x06, 0x04, 0x06, 0xfe,
    0x02, 0xf2, 0x01, 0xfc, 0x06, 0x00, 0x05, 0xfe, 0x00, 0x00, 0xfd, 0xfd, 0xfe, 0xfa, 0xfd, 0xfc,
    0xfc, 0xfe, 0x03, 0x04, 0x01, 0x04, 0x02, 0x04, 0x00, 0x02, 0x01, 0x03, 0xfb, 0x06, 0xff, 0xfc,
    0x03, 0xfe, 0xfd, 0xfb, 0xfe, 0xfe, 0x01, 0x02, 0xff, 0x00, 0xfa, 0xfb, 0x00, 0x00, 0x02, 0x04,
    0x05, 0x02, 0x01, 0x04, 0xff, 0x00, 0x02, 0xfa, 0x02, 0x00, 0x00, 0xf8, 0xff, 0xff, 0x00, 0xfa,
    0xfd, 0xff, 0xff, 0x04, 0x05, 0x05, 0x02, 0xfc, 0x00, 0xfe, 0xfb, 0x02, 0xff, 0x04, 0x01, 0xfa,
    0x02, 0xf8, 0xfc, 0x00, 0xfd, 0x03, 0x00, 0x06, 0x0d, 0x05, 0x03, 0x02, 0xfc, 0xfc, 0xff, 0xfe,
    0x03, 0x01, 0xfe, 0xf3, 0x03, 0xf9, 0xfd, 0x02, 0xfe, 0x02, 0x01, 0xfa, 0x09, 0x00, 0x02, 0xfe,
    0x01, 0xfd, 0xff, 0xfd, 0x02, 0x01, 0x08, 0x04, 0xfd, 0xfe, 0xfa, 0xf4, 0xf8, 0xf9, 0x07, 0xfe,
    0x07, 0xff, 0x02, 0xfd, 0xfe, 0xfe, 0xff, 0x00, 0x0a, 0x02, 0xfd, 0xfc, 0xf8, 0xff, 0x00, 0xfd,
    0xfe, 0x07, 0xfb, 0x01, 0x05, 0xf0, 0xfe, 0xfd, 0xfc, 0x02, 0x00, 0x00, 0xff, 0x00, 0x02, 0x03,
    0x06, 0x00, 0xfc, 0xfc, 0xfe, 0xfe, 0xfd, 0xfa, 0xfe, 0xfe, 0x02, 0xfe, 0xfd, 0xfd, 0x03, 0x01,
    0x06, 0xfe, 0xfb, 0xfc, 0x00, 0x00, 0x01, 0xff, 0x03, 0xf7, 0x01, 0xfe, 0xfc, 0xfe, 0x00, 0xff,
    0x04, 0xfe, 0xfd, 0xf6, 0xfd, 0xfc, 0x03, 0x07, 0x01, 0x03, 0xfe, 0x02, 0xfc, 0x00, 0xfe, 0xfb,
    0x00, 0x01, 0xff, 0x00, 0xfd, 0xf9, 0x00, 0x02, 0x01, 0x01, 0x00, 0xf9, 0x01, 0xff, 0xff, 0xfd,
    0x00, 0x02, 0x05, 0x02, 0x02, 0x00, 0x00, 0xff, 0x00, 0x03, 0xfd, 0xff, 0xfd, 0xfe, 0x01, 0x00,
    0xff, 0xfd, 0x02, 0xfe, 0xff, 0x01, 0xf6, 0x00, 0x01, 0xfa, 0xfd, 0xff, 0x00, 0x00, 0x0c, 0x00,
    0x02, 0x02, 0xff, 0x00, 0x03, 0xff, 0xff, 0xfd, 0xfc, 0xfc, 0x00, 0x00, 0x00, 0xfe, 0xff, 0xfc,
    0xfa, 0xfc, 0xfb, 0xfc, 0x01, 0x02, 0x02, 0x00, 0x01, 0x01, 0x06, 0x00, 0x05, 0x03, 0x03, 0x01,
    0xff, 0x00, 0xfd, 0xf9, 0xfa, 0xfe, 0xf9, 0xff, 0x00, 0xfe, 0xfe, 0xff, 0xfd, 0xfb, 0xfe, 0x04,
    0x00, 0x03, 0x04, 0x01, 0x03, 0x02, 0x04, 0xfd, 0x02, 0xfd, 0xfe, 0x00, 0x00, 0x00, 0x03, 0xf9,
    0xfe, 0xfb, 0xf6, 0xff, 0x01, 0x00, 0x02, 0x04, 0xfb, 0xf8, 0xfd, 0x00, 0x02, 0xfe, 0xff, 0x05,
    0x03, 0xff, 0x05, 0x04, 0x01, 0xfc, 0x02, 0xfc, 0x00, 0xff, 0xfa, 0x03, 0x03, 0xfd, 0xfe, 0xff,
    0xff, 0xfd, 0x02, 0xfc, 0x03, 0xf9, 0xff, 0x05, 0x03, 0xff, 0xff, 0xfe, 0xff, 0x02, 0x07, 0x01,
    0x02, 0xfe, 0x01, 0xfe, 0xf3, 0xfb, 0x01, 0x02, 0xfe, 0x01, 0x03, 0x01, 0xf3, 0x01, 0x03, 0xfd,
    0xfd, 0x00, 0x00, 0x04, 0xff, 0xfd, 0x00, 0xfd, 0xf9, 0x06, 0xff, 0x02, 0x01, 0x03, 0x02, 0x01,
    0xff, 0xf8, 0x00, 0xff, 0x00, 0x02, 0x01, 0x00, 0xfa, 0x00, 0xff, 0xf9, 0xfa, 0xfe, 0xff, 0x04,
    0x04, 0x04, 0x03, 0xfd, 0xfd, 0x01, 0xff, 0xfc, 0x02, 0x01, 0x02, 0x01, 0xfd, 0xff, 0xff, 0xfe,
    0x01, 0x00, 0x00, 0x00, 0xfc, 0x00, 0x01, 0xfe, 0xfd, 0xfd, 0xff, 0xfc, 0x03, 0xff, 0x05, 0xff,
    0x01, 0xff, 0xff, 0xfb, 0xf7, 0xf8, 0x01, 0xff, 0x03, 0x02, 0x05, 0x00, 0x03, 0xfe, 0xfe, 0x02,
    0xf9, 0x03, 0x08, 0x02, 0x00, 0xfa, 0xff, 0xfe, 0xff, 0xfd, 0xfd, 0x02, 0xfe, 0xff, 0x00, 0xfb,
    0xfa, 0xfd, 0xff, 0x01, 0x01, 0x07, 0x05, 0x03, 0x06, 0x02, 0x00, 0xff, 0xfe, 0x02, 0x04, 0x00,
    0x00, 0x03, 0xfc, 0xfc, 0xff, 0xfb, 0xfa, 0xf9, 0x01, 0xff, 0xfa, 0x00, 0xfd, 0x02, 0x02, 0x00,
    0x04, 0x02, 0x03, 0x00, 0x03, 0x01, 0x00, 0xfe, 0x00, 0x04, 0xfe, 0xfe, 0x01, 0xff, 0x00, 0x00,
    0x00, 0x02, 0xfd, 0xfd, 0xfe, 0x00, 0xf8, 0xfd, 0x03, 0x00, 0x02, 0x00, 0x00, 0x01, 0xfe, 0x00,
    0x01, 0x00, 0x04, 0x01, 0x02, 0x00, 0xfd, 0xff, 0xfe, 0xff, 0x00, 0x02, 0x02, 0x00, 0xfe, 0xfe,
    0xfc, 0xff, 0xfe, 0xfd, 0x01, 0xff, 0xff, 0xff, 0x00, 0xfd, 0x00, 0xff, 0x07, 0x02, 0x09, 0x00,
    0x02, 0x00, 0x00, 0x00, 0xfd, 0xfd, 0x00, 0xfc, 0x00, 0xfc, 0xfc, 0x00, 0x01, 0xff, 0x00, 0x06,
    0xfc, 0xff, 0x04, 0xfc, 0xff, 0x00, 0xfd, 0x00, 0x01, 0x01, 0x00, 0x00, 0x00, 0xfd, 0x02, 0xff,
    0xfb, 0xfe, 0x01, 0x01, 0x01, 0x00, 0xfc, 0x04, 0x01, 0x01, 0x00, 0x04, 0xff, 0xfe, 0x01, 0xfb,
    0xfb, 0xfc, 0xfe, 0xff, 0x00, 0x00, 0x03, 0xfa, 0x00, 0x01, 0x00, 0x02, 0x02, 0xff, 0x06, 0x01,
    0x04, 0xfd, 0x00, 0x00, 0x07, 0x00, 0xfc, 0x01, 0xfe, 0xfa, 0xfc, 0xfe, 0x01, 0xfc, 0xfc, 0x04,
    0xff, 0xff, 0xfe, 0x00, 0x00, 0x06, 0x01, 0x01, 0x00, 0x00, 0xff, 0x00, 0x01, 0x02, 0x00, 0x01,
    0x01, 0x00, 0xfc, 0xfe, 0xfe, 0xfd, 0xfe, 0x00, 0x02, 0xfe, 0xfd, 0x00, 0x00, 0x03, 0xfd, 0x01,
    0x05, 0x02, 0xff, 0x00, 0xfc, 0xfa, 0xfe, 0x01, 0x00, 0x05, 0x00, 0x01, 0x03, 0x00, 0xfa, 0x03,
    0xff, 0x00, 0x02, 0x01, 0x01, 0xfb, 0xfc, 0xfc, 0x01, 0x00, 0x00, 0xff, 0x06, 0x02, 0x00, 0x02,
    0xfc, 0xff, 0x00, 0x00, 0x03, 0xff, 0xff, 0x01, 0x04, 0x02, 0x04, 0xff, 0xfd, 0xff, 0x00, 0xfb,
    0x0a, 0xfa, 0x00, 0xfc, 0x00, 0xfa, 0x00, 0xf7, 0xff, 0x04, 0x04, 0x00, 0x04, 0x02, 0xfa, 0x01,
    0x00, 0x00, 0x00, 0x01, 0x04, 0xfd, 0x06, 0xff, 0xfe, 0x00, 0xff, 0x01, 0xff, 0xfb, 0xfe, 0xff,
    0xfc, 0xfd, 0xfc, 0x03, 0xf3, 0xff, 0xfd, 0x00, 0x00, 0x02, 0x02, 0x07, 0x02, 0x01, 0xfc, 0xff,
    0xff, 0x01, 0x01, 0x04, 0x01, 0xfe, 0xfb, 0xff, 0xf9, 0xf8, 0xfe, 0x01, 0xfd, 0x00, 0xff, 0x00,
    0xf8, 0xfb, 0xfe, 0x02, 0xff, 0x05, 0x05, 0x04, 0x00, 0x00, 0xff, 0xff, 0xfe, 0x00, 0x00, 0xff,
    0xfd, 0xfe, 0xfe, 0x01, 0x04, 0xfa, 0x01, 0xff, 0xfb, 0xf7, 0xfd, 0x00, 0xfc, 0x00, 0xfe, 0xff,
    0xfc, 0xff, 0xfe, 0x03, 0x02, 0x03, 0x02, 0x04, 0xfe, 0x01, 0xff, 0xff, 0x01, 0x03, 0x03, 0x00,
    0x02, 0xfe, 0xfb, 0xfd, 0xfd, 0xfa, 0xfb, 0xfe, 0xff, 0x00, 0xfd, 0xfc, 0x00, 0x01, 0x00, 0x02,
    0x02, 0xff, 0xff, 0x03, 0x01, 0x02, 0x02, 0xfe, 0xfd, 0x02, 0xff, 0xfe, 0x00, 0x01, 0xfe, 0x01,
    0xfd, 0xf8, 0xfc, 0xf5, 0xfe, 0x01, 0x06, 0x01, 0xfd, 0x05, 0x01, 0xfc, 0x03, 0xff, 0xff, 0x03,
    0xfc, 0x05, 0x00, 0xfc, 0xfd, 0x00, 0x01, 0x04, 0xff, 0x00, 0x00, 0xff, 0xfe, 0x00, 0xfd, 0xff,
    0xf9, 0x03, 0x03, 0xff, 0xfb, 0x03, 0x01, 0x02, 0x01, 0x07, 0xfc, 0xfd, 0xf7, 0x08, 0xff, 0xfe,
    0xff, 0x04, 0x03, 0xfc, 0x01, 0x04, 0xfc, 0x01, 0x03, 0x02, 0x02, 0xf9, 0xfb, 0xfb, 0x01, 0xfe,
    0xfc, 0x03, 0x01, 0xfb, 0x04, 0xfe, 0x03, 0xf9, 0x01, 0x00, 0x02, 0xff, 0xfc, 0x02, 0xfe, 0x00,
    0xff, 0x02, 0xfe, 0xff, 0x03, 0xfe, 0x02, 0x02, 0xfe, 0xfe, 0xff, 0xff, 0xfd, 0x00, 0x00, 0xff,
    0x05, 0xfe, 0x02, 0x00, 0xf8, 0xfa, 0x04, 0xfc, 0x01, 0xfd, 0x01, 0x00, 0xfc, 0x01, 0xfc, 0x01,
    0x00, 0x01, 0xff, 0x04, 0x00, 0xfe, 0xff, 0x02, 0x00, 0xff, 0x00, 0xfe, 0xff, 0xff, 0xfe, 0x01,
    0xfd, 0xfe, 0x04, 0xfd, 0xff, 0xfb, 0x02, 0xfb, 0x05, 0xff, 0x03, 0x00, 0x00, 0x04, 0x01, 0xfe,
    0x04, 0x00, 0x00, 0xff, 0xfd, 0xfe, 0xf9, 0xfc, 0x00, 0xff, 0xfe, 0x00, 0x01, 0x06, 0xfc, 0x00,
    0x01, 0x00, 0xff, 0x01, 0xff, 0x01, 0x00, 0x01, 0x03, 0xff, 0x00, 0x00, 0xff, 0x01, 0x00, 0xfd,
    0x03, 0xfe, 0xff, 0xfe, 0x00, 0x00, 0x00, 0xff, 0x01, 0x01, 0xff, 0xfb, 0x00, 0xff, 0xff, 0xff,
    0x01, 0xfc, 0xff, 0x00, 0x01, 0x02, 0xfd, 0x01, 0x03, 0xfe, 0x00, 0x00, 0x02, 0x00, 0x00, 0xf8,
    0xfc, 0x01, 0x00, 0xfc, 0x01, 0xfd, 0x01, 0xfa, 0x00, 0x00, 0x04, 0xf7, 0x00, 0x04, 0x00, 0xfd,
    0x00, 0x03, 0x02, 0x00, 0x02, 0x04, 0x01, 0x00, 0xfe, 0x01, 0xfd, 0x00, 0xfc, 0xfe, 0x03, 0xfe,
    0xfd, 0x01, 0xf5, 0x04, 0xfb, 0x01, 0x06, 0x02, 0xfa, 0x06, 0xff, 0x04, 0x03, 0xff, 0x04, 0x00,
    0x01, 0xfe, 0xfe, 0xfc, 0xfd, 0xff, 0xfe, 0x06, 0xff, 0xfd, 0xfe, 0x04, 0x00, 0x06, 0xfd, 0x02,
    0x00, 0x00, 0x01, 0x01, 0xfe, 0xff, 0xfc, 0x01, 0xff, 0x00, 0xff, 0xfe, 0xff, 0xfd, 0xff, 0xfe,
    0x00, 0xfd, 0x01, 0x01, 0x00, 0x00, 0xff, 0xff, 0x05, 0x01, 0xff, 0xfd, 0x00, 0xfd, 0xff, 0x03,
    0x04, 0xfe, 0xfc, 0xfd, 0x00, 0xfe, 0x02, 0x01, 0x01, 0xff, 0xfe, 0x00, 0x01, 0xff, 0xfa, 0x05,
    0x04, 0xfc, 0x01, 0xfb, 0x03, 0x01, 0xfa, 0x04, 0x01, 0xff, 0xfd, 0x00, 0x00, 0x00, 0xfb, 0x00,
    0x02, 0x00, 0xfd, 0xff, 0xff, 0xff, 0xfa, 0x04, 0x04, 0x01, 0xfe, 0x00, 0xfc, 0xfd, 0xfb, 0x00,
    0xfe, 0x04, 0x00, 0x00, 0x00, 0xfb, 0xff, 0xff, 0xff, 0x0d, 0x00, 0x03, 0x00, 0x01, 0xfa, 0x05,
    0xff, 0x00, 0xfe, 0xfc, 0x01, 0x00, 0xfe, 0x00, 0xff, 0xfd, 0xfd, 0x00, 0xff, 0xfa, 0xfe, 0x00,
    0xfd, 0x02, 0x06, 0xfe, 0x05, 0xff, 0xff, 0xfe, 0x01, 0xfd, 0x05, 0x01, 0x00, 0x00, 0xfc, 0xfa,
    0xf9, 0x06, 0xfa, 0x04, 0x00, 0xff, 0x00, 0xff, 0x00, 0x01, 0xf8, 0x0a, 0xfc, 0x01, 0x02, 0xfd,
    0x03, 0xfc, 0x01, 0x03, 0x00, 0xfe, 0xff, 0xfa, 0x03, 0xfc, 0x03, 0x03, 0xfb, 0x07, 0xfb, 0x09,
    0xfc, 0xff, 0x00, 0x04, 0xfa, 0x02, 0xfd, 0xfe, 0xfb, 0xfd, 0xff, 0xff, 0xff, 0x02, 0xfe, 0x03,
    0xfe, 0xfc, 0xff, 0x01, 0x02, 0x00, 0x03, 0x01, 0xfe, 0xfd, 0x00, 0x03, 0x05, 0xfc, 0x01, 0xfc,
    0xff, 0xfc, 0x01, 0xfe, 0xfd, 0xfc, 0xff, 0xfe, 0x01, 0xf8, 0x01, 0xff, 0x02, 0xff, 0x02, 0x01,
    0x03, 0xfd, 0x01, 0xff, 0x02, 0xfc, 0x03, 0xfd, 0x03, 0x00, 0xfc, 0x00, 0xfe, 0xfe, 0x01, 0x03,
    0xfc, 0xfd, 0x00, 0xf8, 0xff, 0x00, 0xfc, 0x03, 0x00, 0xff, 0x05, 0xfa, 0x04, 0x01, 0x00, 0x00,
    0x00, 0x00, 0xfc, 0xff, 0x00, 0xff, 0x02, 0x00, 0xfd, 0xff, 0xfd, 0x00, 0xff, 0xfd, 0xfd, 0x01,
    0xf9, 0x00, 0xff, 0xfe, 0xfe, 0xfd, 0x02, 0x01, 0xfe, 0x02, 0x03, 0x06, 0xfd, 0x01, 0x02, 0xfa,
    0x00, 0x01, 0x01, 0x02, 0x00, 0x03, 0xfd, 0x00, 0xfd, 0xfd, 0xfc, 0xfc, 0xfc, 0x00, 0xfe, 0xff,
    0xfb, 0xfe, 0xff, 0xfd, 0xfd, 0x06, 0x03, 0x03, 0x00, 0x01, 0x07, 0xfa, 0xff, 0x01, 0x00, 0xff,
    0xff, 0x00, 0x06, 0xfd, 0xfc, 0x01, 0xfc, 0xf9, 0xf6, 0x03, 0xfc, 0xff, 0x00, 0xfe, 0x00, 0xf8,
    0xff, 0x01, 0x01, 0x03, 0x02, 0x01, 0x04, 0x05, 0x02, 0xfd, 0x03, 0x03, 0xfc, 0x05, 0x00, 0x01,
    0xfd, 0xfc, 0x00, 0xfe, 0xfb, 0xf8, 0xff, 0xfd, 0xfd, 0x00, 0x00, 0xfa, 0xff, 0xfc, 0xff, 0xff,
    0xfe, 0xff, 0x03, 0x08, 0x02, 0x08, 0x00, 0x04, 0xfe, 0x01, 0x00, 0x02, 0xfd, 0xff, 0xff, 0xff,
    0xfc, 0xff, 0xf8, 0xfc, 0xfd, 0x04, 0xfe, 0xfc, 0xfa, 0xff, 0xfe, 0xfd, 0x01, 0x03, 0x00, 0x00,
    0x05, 0x04, 0x02, 0x01, 0x01, 0xff, 0x00, 0x02, 0x01, 0x00, 0xfe, 0x00, 0x01, 0xfb, 0xfa, 0xff,
    0xfc, 0x00, 0x00, 0x04, 0xfe, 0xfb, 0xff, 0xfd, 0xff, 0xfc, 0x01, 0x04, 0x01, 0x04, 0x04, 0x03,
    0x00, 0x06, 0xfc, 0x00, 0x00, 0x00, 0x00, 0x00, 0x03, 0xff, 0xfd, 0xff, 0xfe, 0xfe, 0xff, 0xfd,
    0x03, 0xfc, 0xfd, 0xfa, 0x00, 0xfe, 0x00, 0xfa, 0x01, 0x02, 0x03, 0x04, 0x05, 0x07, 0xff, 0xff,
    0xff, 0x03, 0xfe, 0x01, 0x00, 0x06, 0xff, 0xfd, 0x00, 0xfb, 0xfd, 0xf8, 0xfc, 0x00, 0xfc, 0xfd,
    0xfb, 0xff, 0x02, 0xf8, 0x01, 0x02, 0x02, 0x01, 0x01, 0x04, 0x02, 0x03, 0x00, 0x01, 0x01, 0xfd,
    0xff, 0x01, 0x00, 0xff, 0xff, 0x00, 0xfb, 0xff, 0xf6, 0xfc, 0x00, 0x00, 0x00, 0x00, 0x00, 0x00,
    0x00, 0x02, 0xfe, 0x00, 0x01, 0x00, 0x05, 0x03, 0x00, 0xfe, 0xff, 0x00, 0x00, 0x00, 0x00, 0xff,
    0xfe, 0xff, 0x01, 0xff, 0xfe, 0xfe, 0x00, 0xff, 0xfd, 0xff, 0x01, 0xff, 0x00, 0x01, 0x02, 0xff,
    0xfc, 0x00, 0xff, 0xff, 0x01, 0x02, 0x02, 0x04, 0x01, 0x00, 0x00, 0xff, 0xfd, 0x00, 0x00, 0x00,
    0x01, 0xfe, 0xfd, 0xfc, 0xfc, 0xfa, 0x01, 0xfe, 0xfd, 0xff, 0x00, 0x00, 0xff, 0xfe, 0x00, 0x00,
    0x05, 0x02, 0x02, 0x08, 0x01, 0x03, 0x01, 0x03, 0xfe, 0xfd, 0xfc, 0x04, 0x00, 0xfa, 0xff, 0xff,
    0xff, 0xf5, 0x04, 0xf9, 0xff, 0xfc, 0x00, 0x00, 0x0a, 0xfc, 0x03, 0x00, 0x01, 0x01, 0x02, 0x02,
    0xff, 0x01, 0x01, 0x02, 0xff, 0xfe, 0xfc, 0xfe, 0x00, 0xfe, 0x02, 0xff, 0xff, 0xfe, 0xfb, 0x01,
    0xff, 0xff, 0xfd, 0x01, 0x00, 0x01, 0x01, 0x01, 0xfe, 0xfd, 0xfe, 0x01, 0xff, 0x00, 0xfd, 0x02,
    0x01, 0x01, 0x01, 0x00, 0xfe, 0xff, 0x00, 0x01, 0xff, 0xff, 0xfc, 0x01, 0x00, 0xfd, 0xfb, 0xfd,
    0xfd, 0xfe, 0x03, 0x00, 0xff, 0xfe, 0x00, 0x01, 0x00, 0xfe, 0x02, 0x00, 0x02, 0x02, 0x01, 0x04,
    0xf9, 0x01, 0xfe, 0xff, 0xfe, 0xff, 0xfe, 0xfc, 0x00, 0xfd, 0xfc, 0xfd, 0xfd, 0xfe, 0xfd, 0x02,
    0x02, 0x01, 0xfe, 0x02, 0x01, 0x01, 0x00, 0x00, 0xff, 0x01, 0x01, 0x04, 0xfe, 0xff, 0x00, 0xff,
    0xff, 0xfd, 0xff, 0xfa, 0xff, 0xfd, 0x00, 0xff, 0xfc, 0xfe, 0xff, 0x00, 0x01, 0x01, 0xfe, 0x02,
    0x01, 0x00, 0x00, 0x00, 0xff, 0x00, 0x00, 0x07, 0xff, 0xff, 0xfc, 0x00, 0x00, 0x00, 0xfd, 0xfe,
    0x01, 0xfd, 0x01, 0x00, 0xfe, 0xff, 0xfe, 0xfd, 0x01, 0xff, 0xfd, 0xff, 0x00, 0x03, 0xff, 0x01,
    0x02, 0xfe, 0x00, 0x02, 0x00, 0x01, 0xff, 0x00, 0x02, 0x01, 0xff, 0xff, 0xfe, 0xfe, 0xfe, 0x02,
    0xff, 0xf9, 0x02, 0xf9, 0xfe, 0xfe, 0xfc, 0xfb, 0x01, 0x00, 0x03, 0x00, 0x02, 0x01, 0x00, 0x00,
    0x03, 0x00, 0x03, 0xfe, 0x01, 0x01, 0xff, 0x00, 0x01, 0xff, 0xfe, 0x00, 0x01, 0xff, 0xff, 0xfc,
    0x00, 0x00, 0xfd, 0xff, 0xfe, 0x00, 0xfd, 0x00, 0x00, 0x00, 0x00, 0x00, 0x02, 0xff, 0xfd, 0xfd,
    0x00, 0x01, 0xfe, 0x00, 0x02, 0x04, 0x00, 0xff, 0x00, 0x01, 0xff, 0xff, 0xfd, 0x01, 0xfc, 0xff,
    0xfc, 0x01, 0xfe, 0xfc, 0xff, 0x01, 0x01, 0x00, 0xff, 0x05, 0x00, 0xff, 0xff, 0x00, 0x07, 0xf9,
    0x03, 0x03, 0x02, 0xff, 0xff, 0x01, 0xff, 0xfa, 0xff, 0xfe, 0xfb, 0xff, 0xfd, 0x00, 0x01, 0xfe,
    0x01, 0x01, 0x00, 0x00, 0xfd, 0x00, 0x00, 0x02, 0x01, 0xfd, 0x00, 0x01, 0x01, 0x00, 0x00, 0x02,
    0x03, 0xff, 0x01, 0xfc, 0xff, 0xff, 0xfe, 0xff, 0x00, 0xfd, 0x03, 0x00, 0x01, 0x00, 0xfb, 0x00,
    0xfe, 0x00, 0xfd, 0xfd, 0x00, 0xff, 0x00, 0x04, 0x01, 0x03, 0x00, 0x00, 0x00, 0x00, 0x00, 0x00,
    0x00, 0x01, 0x00, 0xff, 0x00, 0xfc, 0x00, 0x00, 0xff, 0x00, 0xff, 0xfe, 0xff, 0xfb, 0x00, 0xff,
    0x00, 0xff, 0x02, 0x00, 0x03, 0xff, 0x02, 0x01, 0x00, 0x00, 0x00, 0x01, 0x00, 0xfe, 0xfd, 0x02,
    0x01, 0xff, 0xfe, 0xff, 0xfe, 0x01, 0xfe, 0xff, 0x00, 0xfe, 0xff, 0x01, 0x00, 0x00, 0xfd, 0x01,
    0x01, 0x03, 0x01, 0xff, 0x00, 0x00, 0xfe, 0x00, 0x01, 0x00, 0xff, 0x01, 0x02, 0x01, 0xfe, 0xfb,
    0x01, 0x01, 0xfd, 0x03, 0x00, 0xff, 0xfe, 0xfe, 0x00, 0x00, 0x00, 0xff, 0x00, 0x02, 0x00, 0x00,
    0xff, 0xff, 0x00, 0xfd, 0x01, 0x01, 0x00, 0x00, 0x00, 0x01, 0x05, 0xff, 0xff, 0xff, 0xff, 0xfe,
    0x01, 0xff, 0xff, 0x00, 0xff, 0x00, 0x00, 0xff, 0xfd, 0xfe, 0x02, 0x00, 0x01, 0x00, 0x00, 0x00,
    0xff, 0x01, 0x03, 0x02, 0xff, 0x01, 0x02, 0x01, 0xff, 0xfe, 0xff, 0xff, 0x00, 0x00, 0xfe, 0xff,
    0x00, 0x00, 0x00, 0x01, 0xff, 0xfd, 0xfe, 0x00, 0xff, 0x01, 0x00, 0xff, 0x00, 0x00, 0x02, 0x01,
    0x00, 0xfe, 0x02, 0x01, 0xff, 0x01, 0x01, 0xfe, 0x00, 0xfe, 0x00, 0xff, 0xff, 0xff, 0x03, 0x00,
    0xfe, 0x00, 0xff, 0xfe, 0xff, 0x01, 0xff, 0x00, 0xff, 0x00, 0x03, 0x01, 0xff, 0x00, 0xff, 0xff,
    0x02, 0x01, 0x01, 0xfa, 0x01, 0xff, 0x01, 0x00, 0xfe, 0x00, 0x01, 0xfe, 0x01, 0xff, 0xfd, 0xff,
    0x00, 0x00, 0xff, 0x00, 0x00, 0xff, 0x00, 0x00, 0x01, 0xff, 0xfe, 0xff, 0x01, 0x00, 0xff, 0x01,
    0x01, 0xff, 0xff, 0xfe, 0xff, 0x00, 0xff, 0x01, 0xff, 0x00, 0xff, 0x00, 0xff, 0xff, 0x00, 0xfe,
    0xff, 0x01, 0x00, 0xff, 0x00, 0x00, 0xff, 0xfd, 0xff, 0xff, 0x01, 0x02, 0x00, 0x02, 0xff, 0xff,
    0x00, 0x00, 0x00, 0x01, 0x00, 0x00, 0x00, 0xff, 0x00, 0xfe, 0x00, 0x01, 0x00, 0x00, 0x01, 0x00,
    0xff, 0xfd, 0x01, 0xff, 0xfd, 0xfe, 0x00, 0x00, 0x00, 0x01, 0x00, 0x00, 0x00, 0xff, 0x00, 0x00,
    0xff, 0x00, 0x00, 0x00, 0x01, 0xff, 0x00, 0xfe, 0x00, 0xfd, 0xff, 0x01, 0xff, 0xff, 0x01, 0xff,
    0xff, 0xfd, 0xff, 0xfe, 0x00, 0x01, 0x01, 0x00, 0xff, 0x00, 0x00, 0x00, 0x00, 0xff, 0xff, 0x00,
    0x00, 0xff, 0x00, 0x00, 0xff, 0x00, 0xff, 0xff, 0x00, 0xff, 0xff, 0x01, 0x00, 0xff, 0x00, 0xff,
    0xfe, 0xfc, 0x00, 0xff, 0x00, 0x00, 0x02, 0x00, 0x02, 0xff, 0xfe, 0x00, 0x00, 0x00, 0x00, 0x01,
    0x00, 0xff, 0xfe, 0xfd, 0x01, 0xfe, 0xfa, 0x01, 0x01, 0xff, 0xfe, 0x00, 0xfd, 0x00, 0xfd, 0x00,
    0x01, 0xff, 0xff, 0x02, 0x00, 0x00, 0x00, 0x01, 0x00, 0xff, 0x00, 0x00, 0x00, 0x00, 0xfe, 0x01,
    0xff, 0x00, 0xff, 0xfd, 0xff, 0x00, 0x00, 0xfd, 0x00, 0x00, 0xfd, 0xfe, 0xfe, 0x00, 0xfe, 0xff,
    0x00, 0x01, 0x02, 0x00, 0xff, 0x00, 0x00, 0x00, 0xff, 0x00, 0x00, 0x00, 0xfd, 0x04, 0x00, 0xfd,
    0xfe, 0xfe, 0xff, 0x00, 0x00, 0x00, 0xff, 0xfd, 0xff, 0x00, 0xfe, 0xfc, 0xff, 0x00, 0x00, 0x05,
    0xff, 0xff, 0xff, 0x00, 0x00, 0xfe, 0x01, 0x00, 0x02, 0x00, 0x01, 0x03, 0xfe, 0xfe, 0x00, 0xfc,
    0x00, 0x00, 0x01, 0xfd, 0xff, 0xff, 0x00, 0xff, 0xfc, 0x00, 0x00, 0x00, 0x03, 0x01, 0xff, 0x00,
    0xff, 0x00, 0x00, 0xff, 0x02, 0xfc, 0x01, 0x00, 0x00, 0xfe, 0x00, 0xfe, 0x00, 0xfe, 0x00, 0x00,
    0x00, 0xff, 0x00, 0x01, 0xff, 0xff, 0x00, 0x00, 0x00, 0xfe, 0x00, 0x00, 0x01, 0x00, 0x00, 0x01,
    0xfe, 0xff, 0x00, 0x01, 0x01, 0x00, 0xff, 0x02, 0xff, 0xfc, 0xff, 0x00, 0x01, 0x01, 0x00, 0x00,
    0x00, 0xfd, 0xfe, 0xff, 0xfe, 0x00, 0x00, 0x00, 0x01, 0x00, 0xfe, 0xfe, 0x01, 0x00, 0xff, 0x01,
    0x01, 0x00, 0x00, 0x00, 0x00, 0x00, 0xfd, 0xfe, 0x00, 0x00, 0xff, 0x00, 0x01, 0x00, 0xff, 0x00,
    0x00, 0x00, 0xfe, 0x00, 0x01, 0x01, 0x00, 0x00, 0x02, 0xff, 0x01, 0x00, 0xff, 0xff, 0x05, 0x01,
    0x00, 0xff, 0xff, 0xff, 0xff, 0x00, 0xff, 0x00, 0xff, 0xff, 0x01, 0x00, 0xff, 0x00, 0xfc, 0xff,
    0x00, 0x00, 0x00, 0xff, 0x01, 0x00, 0x00, 0x00, 0x00, 0xff, 0x00, 0xff, 0x04, 0x00, 0x00, 0x00,
    0xff, 0xff, 0x00, 0xfc, 0x00, 0x00, 0x00, 0x00, 0x00, 0xff, 0xfe, 0xff, 0xff, 0x00, 0xff, 0xff,
    0x03, 0x00, 0x00, 0x00, 0x00, 0x01, 0x00, 0xfe, 0x03, 0x00, 0x01, 0x00, 0x00, 0xff, 0x00, 0xff,
    0x00, 0xff, 0xff, 0xff, 0xfe, 0x00, 0x00, 0xfe, 0xfd, 0xff, 0x01, 0x01, 0xff, 0x02, 0x00, 0x00,
    0x00, 0x01, 0x00, 0x02, 0xff, 0x00, 0x01, 0x01, 0x00, 0xfd, 0xff, 0x00, 0xfd, 0xff, 0xfd, 0xfe,
    0xff, 0xff, 0x00, 0x00, 0xfe, 0xff, 0x00, 0x00, 0x00, 0x00, 0x00, 0xfe, 0xff, 0x01, 0x00, 0x01,
    0xff, 0x01, 0x00, 0x00, 0xff, 0x00, 0x00, 0xfe, 0xfe, 0x00, 0x00, 0x00, 0xff, 0xff, 0x00, 0x00,
    0xff, 0x00, 0xfd, 0xff, 0xfc, 0x02, 0xff, 0x00, 0xfe, 0x01, 0xff, 0x01, 0xff, 0x00, 0xff, 0x00,
    0x00, 0x01, 0x00, 0x00, 0xfe, 0xff, 0x01, 0x01, 0x00, 0x00, 0x00, 0xff, 0x00, 0xff, 0x00, 0x01,
    0xfe, 0xff, 0x00, 0xff, 0xfe, 0xff, 0x00, 0x02, 0x00, 0x00, 0xff, 0x00, 0x00, 0x00, 0x01, 0x00,
    0x00, 0x00, 0x00, 0xff, 0xff, 0x00, 0xfe, 0x01, 0x00, 0xff, 0xff, 0xfe, 0x01, 0xff, 0x00, 0x00,
    0x00, 0x00, 0xff, 0xff, 0x01, 0xfc, 0xff, 0x00, 0xff, 0xff, 0x00, 0x00, 0xff, 0x00, 0xff, 0x01,
    0x00, 0x01, 0xff, 0x00, 0x00, 0x00, 0x02, 0x00, 0x00, 0xff, 0x00, 0x00, 0xff, 0x00, 0xff, 0x01,
    0x00, 0xfd, 0x01, 0x00, 0xff, 0xff, 0x00, 0x00, 0x00, 0x00, 0xff, 0x00, 0xff, 0x00, 0x00, 0xff,
    0xff, 0x00, 0x00, 0xff, 0x00, 0x00, 0xff, 0x00, 0xff, 0xff, 0xff, 0x00, 0x00, 0x00, 0x00, 0x00,
    0x00, 0x00, 0xfd, 0xff, 0x01, 0x00, 0xff, 0x00, 0xff, 0x00, 0xff, 0x00, 0x00, 0xff, 0xfe, 0xff,
    0x00, 0x01, 0xff, 0xff, 0xfe, 0xff, 0xff, 0x01, 0xfe, 0x00, 0x01, 0x00, 0x00, 0x00, 0xff, 0x00,
    0x00, 0xff, 0x00, 0xff, 0xfe, 0x01, 0xff, 0x00, 0x00, 0x00, 0xff, 0xff, 0xff, 0xff, 0x00, 0x00,
    0x00, 0x00, 0x00, 0xff, 0x00, 0xff, 0xff, 0x00, 0x00, 0x00, 0x00, 0xff, 0x01, 0x00, 0xff, 0x00,
    0x00, 0xff, 0x00, 0x00, 0x00, 0x00, 0xff, 0xff, 0x00, 0xfc, 0x00, 0xff, 0x00, 0x00, 0x00, 0x00,
    0x00, 0xff, 0x00, 0xff, 0xff, 0x00, 0x00, 0x00, 0x00, 0x00, 0x00, 0x00, 0xff, 0x00, 0x00, 0xff,
    0xff, 0x00, 0x00, 0xff, 0x00, 0xff, 0x00, 0xff, 0x00, 0xff, 0x00, 0x01, 0xff, 0x00, 0x01, 0xff,
    0xff, 0x00, 0xff, 0x00, 0x02, 0x00, 0x00, 0x00, 0xff, 0x00, 0x00, 0x00, 0xfe, 0xfe, 0xff, 0xff,
    0xff, 0x00, 0x00, 0x00, 0xff, 0xfe, 0xff, 0x00, 0xfc, 0x00, 0x03, 0x00, 0x01, 0x00, 0x00, 0x00,
    0x00, 0xff, 0x01, 0x00, 0x00, 0x00, 0x03, 0xfe, 0x00, 0xff, 0xff, 0x00, 0x00, 0xfe, 0x01, 0xff,
    0x00, 0x00, 0x00, 0xff, 0xff, 0x00, 0x00, 0x00, 0x01, 0xff, 0x00, 0x00, 0x00, 0x02, 0x00, 0x00,
    0x00, 0xff, 0xff, 0x01, 0x01, 0x00, 0xff, 0x00, 0x00, 0x00, 0xfd, 0x00, 0xff, 0xff, 0xff, 0x02,
    0x00, 0xff, 0x00, 0x00, 0xff, 0xff, 0xfe, 0x00, 0x00, 0x01, 0x02, 0x01, 0xff, 0x00, 0xfe, 0x01,
    0x00, 0xff, 0x00, 0xff, 0x00, 0x00, 0x00, 0xfe, 0x00, 0xfe, 0xff, 0x00, 0x00, 0xff, 0x02, 0x01,
    0x01, 0x01, 0xfd, 0xfe, 0x00, 0xff, 0x00, 0x00, 0x00, 0xff, 0x00, 0x00, 0xff, 0x00, 0x00, 0xff,
    0x00, 0x00, 0x00, 0xff, 0x00, 0x00, 0xff, 0x02, 0xfe, 0x00, 0xff, 0x00, 0x00, 0xff, 0xff, 0x00,
    0xff, 0xff, 0xff, 0xff, 0xff, 0x00, 0xff, 0x01, 0xff, 0x01, 0x01, 0x00, 0x00, 0xfd, 0x01, 0xff,
    0xff, 0x00, 0x00, 0x00, 0x00, 0xff, 0xfe, 0xfe, 0x00, 0x00, 0x00, 0xff, 0x00, 0xff, 0x00, 0xff,
    0x00, 0x00, 0xfe, 0x00, 0x01, 0x01, 0x00, 0x00, 0xfe, 0x01, 0x00, 0xff, 0x00, 0x00, 0x01, 0xfd,
    0x02, 0xff, 0xff, 0xfe, 0xfe, 0x00, 0x00, 0xff, 0x00, 0x00, 0x01, 0xff, 0x00, 0xfe, 0xff, 0x00,
    0x00, 0x01, 0x00, 0x00, 0x00, 0x00, 0x00, 0x00, 0xff, 0xff, 0x00, 0x01, 0xff, 0x00, 0x00, 0xff,
    0xff, 0xff, 0x00, 0x00, 0xff, 0x00, 0x01, 0xff, 0xff, 0x00, 0x00, 0xfd, 0x00, 0x00, 0x00, 0x00,
    0x00, 0x00, 0x00, 0x00, 0xff, 0x00, 0xff, 0xff, 0x00, 0x00, 0xff, 0x00, 0x00, 0xfd, 0x00, 0x01,
    0xff, 0x00, 0x00, 0xff, 0x02, 0x00, 0x00, 0xfe, 0x00, 0xff, 0x01, 0x00, 0x00, 0x01, 0x00, 0x00,
    0xff, 0x00, 0xff, 0xfe, 0x00, 0x00, 0x00, 0xff, 0xff, 0xfd, 0xff, 0xff, 0xff, 0xff, 0xff, 0x00,
    0x00, 0x00, 0x00, 0xff, 0xfd, 0x00, 0x00, 0x00, 0x01, 0x00, 0xff, 0x00, 0x00, 0xff, 0xfe, 0x00,
    0xfd, 0x01, 0xff, 0xff, 0x00, 0xff, 0xfe, 0x00, 0xff, 0x00, 0xff, 0x00, 0x00, 0x00, 0xff, 0x00,
    0xfe, 0xfd, 0x00, 0x00, 0x00, 0x00, 0xff, 0x01, 0x01, 0x00, 0xff, 0x00, 0xfe, 0x01, 0x00, 0x00,
    0xff, 0xff, 0x00, 0x00, 0x00, 0xff, 0xff, 0xfe, 0x00, 0xff, 0x01, 0xff, 0x00, 0xff, 0xfd, 0x00,
    0x00, 0xfe, 0x00, 0x01, 0x02, 0x02, 0x01, 0xff, 0xff, 0xff, 0xfd, 0x01, 0x00, 0xff, 0x01, 0x01,
    0x00, 0xff, 0xfd, 0xfd, 0xfe, 0x00, 0x00, 0x01, 0xff, 0xfe, 0x00, 0x00, 0xff, 0x00, 0x00, 0x01,
    0x03, 0x01, 0x00, 0x00, 0x00, 0xfe, 0xff, 0xff, 0xff, 0x00, 0xff, 0x02, 0x00, 0x00, 0xff, 0xff,
    0xff, 0xfe, 0x00, 0x01, 0xff, 0x00, 0x00, 0xff, 0x00, 0x01, 0x00, 0xff, 0x01, 0xff, 0x00, 0x00,
    0x01, 0x00, 0x00, 0xff, 0x00, 0x00, 0xff, 0xfe, 0x00, 0x01, 0x00, 0x01, 0x00, 0xfc, 0x01, 0xfe,
    0xff, 0x00, 0x00, 0xff, 0x01, 0x00, 0xff, 0x00, 0xfe, 0xfe, 0x00, 0xff, 0x00, 0x02, 0x00, 0xff,
    0x01, 0xff, 0x00, 0xff, 0x00, 0x00, 0x00, 0xff, 0x00, 0x01, 0x00, 0xfe, 0x00, 0x00, 0x00, 0x00,
    0x01, 0x00, 0xff, 0x00, 0xff, 0x00, 0x00, 0xff, 0x00, 0x00, 0x00, 0x00, 0xff, 0x00, 0x01, 0xff,
    0x00, 0x00, 0x00, 0xff, 0x00, 0x00, 0x01, 0xff, 0x01, 0x00, 0x00, 0x00, 0x00, 0xff, 0xff, 0xff,
    0xff, 0xff, 0xff, 0xff, 0x01, 0xff, 0x01, 0x01, 0xff, 0x00, 0x00, 0x00, 0x00, 0x01, 0x02, 0x00,
    0x00, 0xff, 0x00, 0xff, 0x00, 0x00, 0x00, 0xff, 0xff, 0x00, 0x00, 0xff, 0x00, 0xff, 0x00, 0x00,
    0x00, 0x00, 0x00, 0x00, 0x00, 0x00, 0x00, 0x00, 0x01, 0xff, 0xff, 0x00, 0xff, 0xff, 0x00, 0x00,
    0xff, 0x00, 0x00, 0xff, 0x01, 0xfc, 0x00, 0x01, 0x00, 0x00, 0x00, 0xfe, 0x00, 0x00, 0x00, 0x01,
    0x00, 0xff, 0x00, 0x01, 0x00, 0xff, 0xff, 0x00, 0xff, 0xff, 0x00, 0x00, 0xff, 0x00, 0x00, 0x01,
    0xff, 0x00, 0x00, 0x00, 0x00, 0x00, 0x00, 0xff, 0x00, 0x00, 0xff, 0xff, 0x00, 0x00, 0x00, 0xfe,
    0x01, 0x00, 0xff, 0x00, 0x00, 0xff, 0x00, 0xff, 0x00, 0xff, 0x00, 0x01, 0x01, 0xff, 0x00, 0x01,
    0x00, 0xff, 0xff, 0xff, 0xff, 0x00, 0x00, 0x00, 0x00, 0xff, 0x00, 0xff, 0x00, 0xff, 0x00, 0xff,
    0x00, 0xfe, 0x02, 0xfe, 0xff, 0x00, 0x00, 0x00, 0x00, 0x00, 0x00, 0x00, 0x00, 0x00, 0x00, 0x00,
    0x00, 0x00, 0x00, 0x00, 0x00, 0x00, 0x00, 0x00, 0x00, 0x00, 0x00, 0x00, 0x00, 0x00, 0x00, 0x00,
    0x00, 0x00, 0x00, 0x00, 0x00, 0x00, 0x00, 0x00, 0x00, 0x00, 0x00, 0x00, 0x00, 0x00, 0x00, 0x00,
    0x00, 0x00, 0x00, 0x00, 0x00, 0x00, 0x00, 0x00, 0x00, 0x00, 0x00, 0x00, 0x00, 0x00, 0x00, 0x00,
    0x00, 0x00, 0x00, 0x00, 0x00, 0x00, 0x00, 0x00, 0x00, 0x00, 0x00, 0x00, 0x00, 0x00, 0x00, 0x00,
    0x40, 0x3f, 0x00, 0x00, 0x01, 0x03, 0xb8, 0x01, 0x01, 0xdb, 0x34, 0xbf, 0xdf, 0xff, 0x24, 0x80,
    0x0f, 0x9c, 0x48, 0x22, 0x08, 0x27, 0x00, 0xb4, 0xc0, 0xb5, 0xc0, 0xb6, 0xc0, 0x64, 0xb4, 0xc0,
    0xb5, 0xc0, 0xb6, 0xc0, 0x8a, 0x00, 0x01, 0x02, 0x03, 0x04, 0x05, 0x80, 0x06, 0x5e, 0x30, 0x11,
    0x34, 0x01, 0x38, 0x75, 0x3c, 0x72, 0x40, 0x1e, 0x44, 0x28, 0x48, 0x1b, 0x4c, 0x02, 0x50, 0x51,
    0x54, 0x16, 0x58, 0x1a, 0x5c, 0x13, 0x60, 0x05, 0x64, 0x03, 0x68, 0x04, 0x6c, 0x03, 0x5a, 0x70,
    0x01, 0x74, 0x00, 0x78, 0x00, 0x7c, 0x00, 0x80, 0x18, 0x84, 0x28, 0x88, 0x18, 0x8c, 0x28, 0x90,
    0x00, 0x94, 0x00, 0x98, 0x00, 0x9c, 0x00, 0xb0, 0x0d, 0xb4, 0xc2, 0x80, 0x00, 0x42, 0xa4, 0x0b,
    0xa0, 0xc5, 0x80, 0xf0, 0x5e, 0x31, 0x12, 0x35, 0x54, 0x39, 0x0c, 0x3d, 0x08, 0x41, 0x15, 0x44,
    0x2e, 0x45, 0x19, 0x48, 0x22, 0x49, 0x0e, 0x4c, 0x0a, 0x4d, 0x07, 0x51, 0x17, 0x55, 0x1a, 0x59,
    0x19, 0x5d, 0x1a, 0x61, 0x04, 0x5e, 0x65, 0x05, 0x69, 0x02, 0x6d, 0x02, 0x71, 0x04, 0x75, 0x06,
    0x79, 0x06, 0x7d, 0x05, 0x81, 0x75, 0x85, 0x05, 0x89, 0x15, 0x8d, 0x15, 0x91, 0x00, 0x95, 0x00,
    0x99, 0x00, 0x9d, 0x07, 0xb1, 0x35, 0x40, 0xb5, 0xc4, 0x80, 0x01, 0x42, 0xa5, 0x0b, 0xa1, 0xc5,
    0x80, 0xf1, 0x5e, 0x32, 0x12, 0x36, 0x54, 0x3a, 0x0c, 0x3e, 0x08, 0x42, 0x15, 0x45, 0x53, 0x46,
    0x19, 0x49, 0x4e, 0x4a, 0x0e, 0x4d, 0x4b, 0x4e, 0x07, 0x52, 0x17, 0x56, 0x1a, 0x5a, 0x19, 0x5e,
    0x1a, 0x62, 0x04, 0xfa, 0xa9, 0x5e, 0x66, 0x05, 0x6a, 0x02, 0x6e, 0x02, 0x72, 0x04, 0x76, 0x06,
    0x7a, 0x06, 0x7e, 0x05, 0x82, 0x75, 0x86, 0x05, 0x8a, 0x15, 0x8e, 0x15, 0x92, 0x00, 0x96, 0x00,
    0x9a, 0x00, 0x9e, 0x07, 0xb2, 0x35, 0x40, 0xb6, 0xc4, 0x80, 0x02, 0x42, 0xa6, 0x0c, 0xa2, 0x7b,
    0x80, 0xf2, 0x44, 0x46, 0x53, 0x4a, 0x4e, 0x4e, 0x4b, 0x7e, 0x30, 0x12, 0x34, 0x54, 0x38, 0x0c,
    0x3c, 0x08, 0x40, 0x15, 0x44, 0x19, 0x48, 0x0e, 0x4c, 0x07, 0x50, 0x17, 0x54, 0x1a, 0x58, 0x19,
    0x5c, 0x1a, 0x60, 0x04, 0x64, 0x05, 0x68, 0x02, 0x6c, 0x02, 0x7a, 0x70, 0x04, 0x74, 0x06, 0x78,
    0x06, 0x7c, 0x05, 0x80, 0x75, 0x84, 0x05, 0x88, 0x15, 0x8c, 0x15, 0x90, 0x00, 0x94, 0x00, 0x98,
    0x00, 0x9c, 0x07, 0xb0, 0x35, 0xb4, 0xc4, 0x80, 0x04, 0x62, 0xa4, 0x12, 0xa0, 0xd3, 0x80, 0xf4,
    0x64, 0x44, 0x53, 0x48, 0x4e, 0x4c, 0x4b, 0x80, 0x05, 0xde, 0x44, 0x18, 0x45, 0x75, 0x46, 0x75,
    0x47, 0x28, 0x48, 0x05, 0x49, 0x05, 0x4a, 0x18, 0x4b, 0x15, 0x4c, 0x15, 0x4d, 0x28, 0x4e, 0x15,
    0x4f, 0x15, 0x50, 0x75, 0x53, 0x05, 0x56, 0x15, 0x59, 0x15, 0xc0, 0x60, 0x80, 0x01, 0x01, 0x01,
    0x01, 0x01, 0x01, 0x0e, 0x30, 0xbd, 0x22, 0xa0, 0x0f, 0x42, 0x45, 0x52, 0x46, 0x52, 0x60, 0x44,
    0x52, 0x01, 0x01, 0x04, 0x22, 0x8d, 0x11, 0x0f, 0x46, 0x49, 0x4d, 0x4a, 0x4d, 0x4d, 0x4a, 0x4e,
    0x4a, 0x62, 0x48, 0x4d, 0x4c, 0x4a, 0x01, 0x01, 0x01, 0x01, 0x15, 0x4a, 0x45, 0x51, 0x46, 0x51,
    0x49, 0x4c, 0x4a, 0x4c, 0x4d, 0x49, 0x4e, 0x49, 0x64, 0x44, 0x51, 0x48, 0x4c, 0x4c, 0x49, 0x06,
    0x22, 0xad, 0x11, 0xb8, 0x01, 0x01, 0x01, 0x18, 0x22, 0x8d, 0x17, 0x4a, 0x45, 0x50, 0x46, 0x50,
    0x49, 0x4b, 0x4a, 0x4b, 0x4d, 0x48, 0x4e, 0x48, 0x64, 0x44, 0x50, 0x48, 0x4b, 0x4c, 0x48, 0x01,
    0x01, 0x01, 0x01, 0x15, 0x4a, 0x45, 0x4f, 0x46, 0x4f, 0x49, 0x4a, 0x4a, 0x4a, 0x4d, 0x47, 0x4e,
    0x47, 0x64, 0x44, 0x4f, 0x48, 0x4a, 0x4c, 0x47, 0x01, 0x04, 0x22, 0xad, 0x17, 0x01, 0x01, 0x15,
    0x4a, 0x45, 0x4e, 0x46, 0x4e, 0x49, 0x49, 0x4a, 0x49, 0x4d, 0x46, 0x4e, 0x46, 0x64, 0x44, 0x4e,
    0x48, 0x49, 0x4c, 0x46, 0x04, 0x22, 0x80, 0x1e, 0x01, 0x01, 0x0f, 0x46, 0x49, 0x48, 0x4a, 0x48,
    0x4d, 0x45, 0x4e, 0x45, 0x62, 0x48, 0x48, 0x4c, 0x45, 0x01, 0x01, 0x01, 0x04, 0x22, 0xa0, 0x1e,
    0x15, 0x4a, 0x45, 0x4d, 0x46, 0x4d, 0x49, 0x47, 0x4a, 0x47, 0x4d, 0x44, 0x4e, 0x44, 0x64, 0x44,
    0x4d, 0x48, 0x47, 0x4c, 0x44, 0x01, 0x06, 0x30, 0x9b, 0x22, 0x80, 0x0f, 0x01, 0x15, 0x4a, 0x45,
    0x4c, 0x46, 0x4c, 0x49, 0x46, 0x4a, 0x46, 0x4d, 0x43, 0x4e, 0x43, 0x64, 0x44, 0x4c, 0x48, 0x46,
    0x4c, 0x43, 0x01, 0x01, 0x01, 0x01, 0x14, 0x30, 0xbb, 0x22, 0xa0, 0x0f, 0x46, 0x45, 0x4b, 0x46,
    0x4b, 0x4d, 0x42, 0x4e, 0x42, 0x62, 0x44, 0x4b, 0x4c, 0x42, 0x01, 0x01, 0x01, 0x04, 0x22, 0x8d,
    0x11, 0x15, 0x4a, 0x45, 0x4a, 0x46, 0x4a, 0x49, 0x45, 0x4a, 0x45, 0x4d, 0x41, 0x4e, 0x41, 0x64,
    0x44, 0x4a, 0x48, 0x45, 0x4c, 0x41, 0x01, 0x01, 0x01, 0x15, 0x4a, 0x45, 0x49, 0x46, 0x49, 0x49,
    0x44, 0x4a, 0x44, 0x4d, 0x40, 0x4e, 0x40, 0x64, 0x44, 0x49, 0x48, 0x44, 0x4c, 0x40, 0x04, 0x22,
    0xad, 0x11, 0x01, 0x01, 0x01, 0x12, 0x22, 0x8d, 0x17, 0x46, 0x49, 0x43, 0x4a, 0x43, 0x4d, 0x3f,
    0x4e, 0x3f, 0x62, 0x48, 0x43, 0x4c, 0x3f, 0x01, 0x01, 0x01, 0x01, 0x15, 0x4a, 0x45, 0x48, 0x46,
    0x48, 0x49, 0x42, 0x4a, 0x42, 0x4d, 0x3e, 0x4e, 0x3e, 0x64, 0x44, 0x48, 0x48, 0x42, 0x4c, 0x3e,
    0x01, 0x04, 0x22, 0xad, 0x17, 0x01, 0x15, 0x4a, 0x45, 0x47, 0x46, 0x47, 0x49, 0x41, 0x4a, 0x41,
    0x4d, 0x3d, 0x4e, 0x3d, 0x64, 0x44, 0x47, 0x48, 0x41, 0x4c, 0x3d, 0x04, 0x22, 0x80, 0x1e, 0x01,
    0x01, 0x01, 0x15, 0x4a, 0x45, 0x46, 0x46, 0x46, 0x49, 0x40, 0x4a, 0x40, 0x4d, 0x3c, 0x4e, 0x3c,
    0x64, 0x44, 0x46, 0x48, 0x40, 0x4c, 0x3c, 0x01, 0x01, 0x04, 0x22, 0xa0, 0x1e, 0x17, 0x4a, 0x45,
    0x45, 0x46, 0x45, 0x49, 0x3f, 0x4a, 0x3f, 0x4d, 0x3b, 0x4e, 0x3b, 0x64, 0x44, 0x45, 0x48, 0x3f,
    0x4c, 0x3b, 0xb8, 0x01, 0x01, 0x01, 0x05, 0x24, 0x80, 0x0f, 0x9a, 0x01, 0x0f, 0x46, 0x49, 0x3e,
    0x4a, 0x3e, 0x4d, 0x3a, 0x4e, 0x3a, 0x62, 0x48, 0x3e, 0x4c, 0x3a, 0x01, 0x01, 0x01, 0x01, 0x0c,
    0x22, 0xa0, 0x0f, 0x42, 0x45, 0x44, 0x46, 0x44, 0x60, 0x44, 0x44, 0x01, 0x01, 0x04, 0x22, 0x8d,
    0x11, 0x15, 0x4a, 0x45, 0x43, 0x46, 0x43, 0x49, 0x3d, 0x4a, 0x3d, 0x4d, 0x39, 0x4e, 0x39, 0x64,
    0x44, 0x43, 0x48, 0x3d, 0x4c, 0x39, 0x01, 0x01, 0x01, 0x01, 0x15, 0x4a, 0x45, 0x42, 0x46, 0x42,
    0x49, 0x3c, 0x4a, 0x3c, 0x4d, 0x38, 0x4e, 0x38, 0x64, 0x44, 0x42, 0x48, 0x3c, 0x4c, 0x38, 0x06,
    0x22, 0xad, 0x11, 0xb8, 0x01, 0x01, 0x01, 0x18, 0x22, 0x8d, 0x17, 0x4a, 0x45, 0x41, 0x46, 0x41,
    0x49, 0x3b, 0x4a, 0x3b, 0x4d, 0x37, 0x4e, 0x37, 0x64, 0x44, 0x41, 0x48, 0x3b, 0x4c, 0x37, 0x01,
    0x01, 0x01, 0x01, 0x0f, 0x46, 0x49, 0x3a, 0x4a, 0x3a, 0x4d, 0x36, 0x4e, 0x36, 0x62, 0x48, 0x3a,
    0x4c, 0x36, 0x01, 0x04, 0x22, 0xad, 0x17, 0x01, 0x01, 0x15, 0x4a, 0x45, 0x40, 0x46, 0x40, 0x49,
    0x39, 0x4a, 0x39, 0x4d, 0x35, 0x4e, 0x35, 0x64, 0x44, 0x40, 0x48, 0x39, 0x4c, 0x35, 0x06, 0x30,
    0x99, 0x22, 0x80, 0x1e, 0x01, 0x01, 0x15, 0x4a, 0x45, 0x3f, 0x46, 0x3f, 0x49, 0x38, 0x4a, 0x38,
    0x4d, 0x34, 0x4e, 0x34, 0x64, 0x44, 0x3f, 0x48, 0x38, 0x4c, 0x34, 0x01, 0x01, 0x01, 0x05, 0x24,
    0xa0, 0x1e, 0xba, 0x15, 0x4a, 0x45, 0x3e, 0x46, 0x3e, 0x49, 0x37, 0x4a, 0x37, 0x4d, 0x33, 0x4e,
    0x33, 0x64, 0x44, 0x3e, 0x48, 0x37, 0x4c, 0x33, 0x01, 0x04, 0x22, 0x80, 0x0f, 0x01, 0x01, 0x15,
    0x4a, 0x45, 0x3d, 0x46, 0x3d, 0x49, 0x36, 0x4a, 0x36, 0x4d, 0x32, 0x4e, 0x32, 0x64, 0x44, 0x3d,
    0x48, 0x36, 0x4c, 0x32, 0x01, 0x01, 0x01, 0x0c, 0x22, 0xa0, 0x0f, 0x42, 0x4d, 0x31, 0x4e, 0x31,
    0x60, 0x4c, 0x31, 0x01, 0x01, 0x01, 0x04, 0x22, 0x8d, 0x11, 0x15, 0x4a, 0x45, 0x3c, 0x46, 0x3c,
    0x49, 0x35, 0x4a, 0x35, 0x4d, 0x30, 0x4e, 0x30, 0x64, 0x44, 0x3c, 0x48, 0x35, 0x4c, 0x30, 0x01,
    0x01, 0x01, 0x15, 0x4a, 0x45, 0x3b, 0x46, 0x3b, 0x49, 0x34, 0x4a, 0x34, 0x4d, 0x2f, 0x4e, 0x2f,
    0x64, 0x44, 0x3b, 0x48, 0x34, 0x4c, 0x2f, 0x01, 0x04, 0x22, 0xad, 0x11, 0x01, 0x01, 0x18, 0x22,
    0x8d, 0x17, 0x4a, 0x45, 0x3a, 0x46, 0x3a, 0x49, 0x33, 0x4a, 0x33, 0x4d, 0x2e, 0x4e, 0x2e, 0x64,
    0x44, 0x3a, 0x48, 0x33, 0x4c, 0x2e, 0x01, 0x01, 0x01, 0x01, 0x15, 0x4a, 0x45, 0x39, 0x46, 0x39,
    0x49, 0x32, 0x4a, 0x32, 0x4d, 0x2d, 0x4e, 0x2d, 0x64, 0x44, 0x39, 0x48, 0x32, 0x4c, 0x2d, 0x01,
    0x04, 0x22, 0xad, 0x17, 0x01, 0x0f, 0x46, 0x49, 0x31, 0x4a, 0x31, 0x4d, 0x2c, 0x4e, 0x2c, 0x62,
    0x48, 0x31, 0x4c, 0x2c, 0x04, 0x22, 0x80, 0x1e, 0x01, 0x01, 0x01, 0x15, 0x4a, 0x45, 0x38, 0x46,
    0x38, 0x49, 0x30, 0x4a, 0x30, 0x4d, 0x2b, 0x4e, 0x2b, 0x64, 0x44, 0x38, 0x48, 0x30, 0x4c, 0x2b,
    0x01, 0x01, 0x04, 0x22, 0xa0, 0x1e, 0x17, 0x4a, 0x45, 0x37, 0x46, 0x37, 0x49, 0x2f, 0x4a, 0x2f,
    0x4d, 0x2a, 0x4e, 0x2a, 0x64, 0x44, 0x37, 0x48, 0x2f, 0x4c, 0x2a, 0xb8, 0x01, 0x01, 0x01, 0x0e,
    0x24, 0x80, 0x0f, 0x98, 0x80, 0x00, 0x42, 0xa4, 0x0c, 0xa0, 0x7b, 0x80, 0xf0, 0x01, 0x15, 0x4a,
    0x45, 0x36, 0x46, 0x36, 0x49, 0x2e, 0x4a, 0x2e, 0x4d, 0x29, 0x4e, 0x29, 0x64, 0x44, 0x36, 0x48,
    0x2e, 0x4c, 0x29, 0x01, 0x01, 0x01, 0x01, 0x0e, 0x30, 0xb9, 0x22, 0xa0, 0x0f, 0x42, 0x45, 0x35,
    0x46, 0x35, 0x60, 0x44, 0x35, 0x01, 0x01, 0x04, 0x22, 0x8d, 0x11, 0x0f, 0x46, 0x49, 0x2d, 0x4a,
    0x2d, 0x4d, 0x28, 0x4e, 0x28, 0x62, 0x48, 0x2d, 0x4c, 0x28, 0x01, 0x01, 0x01, 0x01, 0x15, 0x4a,
    0x45, 0x34, 0x46, 0x34, 0x49, 0x2c, 0x4a, 0x2c, 0x4d, 0x27, 0x4e, 0x27, 0x64, 0x44, 0x34, 0x48,
    0x2c, 0x4c, 0x27, 0x04, 0x22, 0xad, 0x11, 0x03, 0xb8, 0x01, 0x01, 0x01, 0x18, 0x22, 0x8d, 0x17,
    0x4a, 0x45, 0x33, 0x46, 0x33, 0x49, 0x2b, 0x4a, 0x2b, 0x4d, 0x26, 0x4e, 0x26, 0x64, 0x44, 0x33,
    0x48, 0x2b, 0x4c, 0x26, 0x01, 0x01, 0x01, 0x15, 0x4a, 0x45, 0x32, 0x46, 0x32, 0x49, 0x2a, 0x4a,
    0x2a, 0x4d, 0x25, 0x4e, 0x25, 0x64, 0x44, 0x32, 0x48, 0x2a, 0x4c, 0x25, 0x01, 0x04, 0x22, 0xad,
    0x17, 0x01, 0x01, 0x01, 0x04, 0x22, 0x80, 0x1e, 0x01, 0x01, 0x01, 0x01, 0x01, 0x01, 0x04, 0x22,
    0xa0, 0x1e, 0x01, 0x01, 0x06, 0x30, 0x97, 0x22, 0x80, 0x0f, 0x01, 0x01, 0x01, 0x01, 0x01, 0x01,
    0x05, 0x24, 0xa0, 0x0f, 0xb8, 0x01, 0x01, 0x01, 0x04, 0x22, 0x8d, 0x11, 0x01, 0x01, 0x01, 0x01,
    0x01, 0x01, 0x04, 0x22, 0xad, 0x11, 0x01, 0x01, 0x04, 0x22, 0x8d, 0x17, 0x01, 0x01, 0x01, 0x01,
    0x01, 0x01, 0x04, 0x22, 0xad, 0x17, 0x01, 0x01, 0x04, 0x22, 0x80, 0x1e, 0x01, 0x01, 0x01, 0x01,
    0x01, 0x01, 0x04, 0x22, 0xa0, 0x1e, 0x03, 0xb8, 0x01, 0x01, 0x01, 0x05, 0x24, 0x80, 0x0f, 0x96,
    0x01, 0x01, 0x01, 0x01, 0x01, 0x01, 0x06, 0x30, 0xb7, 0x22, 0xa0, 0x0f, 0x01, 0x01, 0x04, 0x22,
    0x8d, 0x11, 0x01, 0x01, 0x01, 0x01, 0x01, 0x01, 0x04, 0x22, 0xad, 0x11, 0x03, 0xb8, 0x01, 0x01,
    0x01, 0x04, 0x22, 0x8d, 0x17, 0x01, 0x01, 0x01, 0x01, 0x01, 0x01, 0x04, 0x22, 0xad, 0x17, 0x01,
    0x01, 0x04, 0x22, 0x80, 0x1e, 0x01, 0x01, 0x01, 0x01, 0x01, 0x01, 0x04, 0x22, 0xa0, 0x1e, 0x01,
    0x01, 0x06, 0x30, 0x95, 0x22, 0x80, 0x0f, 0x01, 0x01, 0x01, 0x01, 0x01, 0x01, 0x05, 0x24, 0xa0,
    0x0f, 0xb6, 0x01, 0x01, 0x01, 0x04, 0x22, 0x8d, 0x11, 0x01, 0x01, 0x01, 0x01, 0x01, 0x01, 0x04,
    0x22, 0xad, 0x11, 0x01, 0x01, 0x04, 0x22, 0x8d, 0x17, 0x01, 0x01, 0x01, 0x01, 0x01, 0x01, 0x04,
    0x22, 0xad, 0x17, 0x01, 0x01, 0x01, 0x04, 0x22, 0x80, 0x1e, 0x01, 0x01, 0x01, 0x01, 0x01, 0x04,
    0x22, 0xa0, 0x1e, 0x03, 0xb8, 0x01, 0x01, 0x01, 0x33, 0x22, 0x86, 0x0d, 0x80, 0x00, 0x42, 0xa4,
    0x0b, 0xa0, 0x8e, 0x86, 0xf0, 0x01, 0xf1, 0x02, 0x42, 0xa6, 0x12, 0xa2, 0x84, 0x82, 0xf2, 0x04,
    0x62, 0xa4, 0x12, 0xa0, 0xfe, 0x80, 0xf4, 0x4a, 0x45, 0x3e, 0x46, 0x3e, 0x49, 0x37, 0x4a, 0x37,
    0x4d, 0x33, 0x4e, 0x33, 0x64, 0x44, 0x3e, 0x48, 0x37, 0x4c, 0x33, 0x01, 0x01, 0x15, 0x4a, 0x45,
    0x3d, 0x46, 0x3d, 0x49, 0x36, 0x4a, 0x36, 0x4d, 0x32, 0x4e, 0x32, 0x64, 0x44, 0x3d, 0x48, 0x36,
    0x4c, 0x32, 0x01, 0x01, 0x01, 0x04, 0x22, 0xa6, 0x0d, 0x09, 0x42, 0x4d, 0x31, 0x4e, 0x31, 0x60,
    0x4c, 0x31, 0x01, 0x04, 0x22, 0x8e, 0x0f, 0x01, 0x01, 0x15, 0x4a, 0x45, 0x3c, 0x46, 0x3c, 0x49,
    0x35, 0x4a, 0x35, 0x4d, 0x30, 0x4e, 0x30, 0x64, 0x44, 0x3c, 0x48, 0x35, 0x4c, 0x30, 0x01, 0x01,
    0x01, 0x18, 0x22, 0xae, 0x0f, 0x4a, 0x45, 0x3b, 0x46, 0x3b, 0x49, 0x34, 0x4a, 0x34, 0x4d, 0x2f,
    0x4e, 0x2f, 0x64, 0x44, 0x3b, 0x48, 0x34, 0x4c, 0x2f, 0x03, 0xb8, 0x01, 0x01, 0x01, 0x04, 0x22,
    0x8e, 0x12, 0x15, 0x4a, 0x45, 0x3a, 0x46, 0x3a, 0x49, 0x33, 0x4a, 0x33, 0x4d, 0x2e, 0x4e, 0x2e,
    0x64, 0x44, 0x3a, 0x48, 0x33, 0x4c, 0x2e, 0x01, 0x01, 0x01, 0x15, 0x4a, 0x45, 0x39, 0x46, 0x39,
    0x49, 0x32, 0x4a, 0x32, 0x4d, 0x2d, 0x4e, 0x2d, 0x64, 0x44, 0x39, 0x48, 0x32, 0x4c, 0x2d, 0x01,
    0x04, 0x22, 0xae, 0x12, 0x01, 0x01, 0x12, 0x22, 0x8d, 0x17, 0x46, 0x49, 0x31, 0x4a, 0x31, 0x4d,
    0x2c, 0x4e, 0x2c, 0x62, 0x48, 0x31, 0x4c, 0x2c, 0x01, 0x01, 0x01, 0x01, 0x15, 0x4a, 0x45, 0x38,
    0x46, 0x38, 0x49, 0x30, 0x4a, 0x30, 0x4d, 0x2b, 0x4e, 0x2b, 0x64, 0x44, 0x38, 0x48, 0x30, 0x4c,
    0x2b, 0x01, 0x04, 0x22, 0xad, 0x17, 0x01, 0x15, 0x4a, 0x45, 0x37, 0x46, 0x37, 0x49, 0x2f, 0x4a,
    0x2f, 0x4d, 0x2a, 0x4e, 0x2a, 0x64, 0x44, 0x37, 0x48, 0x2f, 0x4c, 0x2a, 0x04, 0x22, 0x86, 0x0d,
    0x01, 0x01, 0x01, 0x15, 0x4a, 0x45, 0x36, 0x46, 0x36, 0x49, 0x2e, 0x4a, 0x2e, 0x4d, 0x29, 0x4e,
    0x29, 0x64, 0x44, 0x36, 0x48, 0x2e, 0x4c, 0x29, 0x01, 0x01, 0x04, 0x22, 0xa6, 0x0d, 0x01, 0x09,
    0x42, 0x45, 0x35, 0x46, 0x35, 0x60, 0x44, 0x35, 0x01, 0x04, 0x22, 0x8e, 0x0f, 0x01, 0x0f, 0x46,
    0x49, 0x2d, 0x4a, 0x2d, 0x4d, 0x28, 0x4e, 0x28, 0x62, 0x48, 0x2d, 0x4c, 0x28, 0x01, 0x01, 0x01,
    0x01, 0x18, 0x22, 0xae, 0x0f, 0x4a, 0x45, 0x34, 0x46, 0x34, 0x49, 0x2c, 0x4a, 0x2c, 0x4d, 0x27,
    0x4e, 0x27, 0x64, 0x44, 0x34, 0x48, 0x2c, 0x4c, 0x27, 0x01, 0x01, 0x04, 0x22, 0x8e, 0x12, 0x15,
    0x4a, 0x45, 0x33, 0x46, 0x33, 0x49, 0x2b, 0x4a, 0x2b, 0x4d, 0x26, 0x4e, 0x26, 0x64, 0x44, 0x33,
    0x48, 0x2b, 0x4c, 0x26, 0x01, 0x01, 0x01, 0x01, 0x15, 0x4a, 0x45, 0x32, 0x46, 0x32, 0x49, 0x2a,
    0x4a, 0x2a, 0x4d, 0x25, 0x4e, 0x25, 0x64, 0x44, 0x32, 0x48, 0x2a, 0x4c, 0x25, 0x04, 0x22, 0xae,
    0x12, 0x01, 0x01, 0x01, 0x18, 0x22, 0x8d, 0x17, 0x4a, 0x45, 0x31, 0x46, 0x31, 0x49, 0x29, 0x4a,
    0x29, 0x4d, 0x24, 0x4e, 0x24, 0x64, 0x44, 0x31, 0x48, 0x29, 0x4c, 0x24, 0x01, 0x01, 0x01, 0x0f,
    0x46, 0x49, 0x28, 0x4a, 0x28, 0x4d, 0x23, 0x4e, 0x23, 0x62, 0x48, 0x28, 0x4c, 0x23, 0x01, 0x01,
    0x06, 0x22, 0xad, 0x17, 0xb8, 0x01, 0x01, 0x15, 0x4a, 0x45, 0x30, 0x46, 0x30, 0x49, 0x27, 0x4a,
    0x27, 0x4d, 0x22, 0x4e, 0x22, 0x64, 0x44, 0x30, 0x48, 0x27, 0x4c, 0x22, 0x04, 0x22, 0x86, 0x0d,
    0x01, 0x01, 0x15, 0x4a, 0x45, 0x2f, 0x46, 0x2f, 0x49, 0x26, 0x4a, 0x26, 0x4d, 0x21, 0x4e, 0x21,
    0x64, 0x44, 0x2f, 0x48, 0x26, 0x4c, 0x21, 0x01, 0x01, 0x01, 0x04, 0x22, 0xa6, 0x0d, 0x0f, 0x46,
    0x45, 0x2e, 0x46, 0x2e, 0x4d, 0x20, 0x4e, 0x20, 0x62, 0x44, 0x2e, 0x4c, 0x20, 0x01, 0x04, 0x22,
    0x8e, 0x0f, 0x01, 0x01, 0x15, 0x4a, 0x45, 0x2d, 0x46, 0x2d, 0x49, 0x25, 0x4a, 0x25, 0x4d, 0x1f,
    0x4e, 0x1f, 0x64, 0x44, 0x2d, 0x48, 0x25, 0x4c, 0x1f, 0x01, 0x01, 0x01, 0x12, 0x22, 0xae, 0x0f,
    0x46, 0x49, 0x24, 0x4a, 0x24, 0x4d, 0x1e, 0x4e, 0x1e, 0x62, 0x48, 0x24, 0x4c, 0x1e, 0x03, 0xb8,
    0x01, 0x01, 0x01, 0x04, 0x22, 0x8e, 0x12, 0x15, 0x4a, 0x45, 0x2c, 0x46, 0x2c, 0x49, 0x23, 0x4a,
    0x23, 0x4d, 0x1d, 0x4e, 0x1d, 0x64, 0x44, 0x2c, 0x48, 0x23, 0x4c, 0x1d, 0x01, 0x01, 0x01, 0x01,
    0x15, 0x4a, 0x45, 0x2b, 0x46, 0x2b, 0x49, 0x22, 0x4a, 0x22, 0x4d, 0x1c, 0x4e, 0x1c, 0x64, 0x44,
    0x2b, 0x48, 0x22, 0x4c, 0x1c, 0x04, 0x22, 0xae, 0x12, 0x01, 0x01, 0x04, 0x22, 0x8d, 0x17, 0x01,
    0x01, 0x01, 0x01, 0x01, 0x01, 0x04, 0x22, 0xad, 0x17, 0x01, 0x01, 0x01, 0x04, 0x22, 0x86, 0x0d,
    0x01, 0x01, 0x01, 0x01, 0x01, 0x04, 0x22, 0xa6, 0x0d, 0x01, 0x01, 0x01, 0x04, 0x22, 0x8e, 0x0f,
    0x01, 0x01, 0x01, 0x01, 0x01, 0x01, 0x04, 0x22, 0xae, 0x0f, 0x01, 0x01, 0x04, 0x22, 0x8e, 0x12,
    0x01, 0x01, 0x01, 0x01, 0x01, 0x01, 0x04, 0x22, 0xae, 0x12, 0x01, 0x01, 0x01, 0x04, 0x22, 0x8d,
    0x17, 0x01, 0x01, 0x01, 0x01, 0x01, 0x01, 0x06, 0x22, 0xad, 0x17, 0xb8, 0x01, 0x01, 0x01, 0x33,
    0x22, 0x80, 0x0f, 0x80, 0x00, 0x42, 0xa4, 0x0b, 0xa0, 0xc5, 0x86, 0xf0, 0x01, 0xf1, 0x02, 0x42,
    0xa6, 0x0c, 0xa2, 0x7b, 0x82, 0xf2, 0x04, 0x62, 0xa4, 0x12, 0xa0, 0xd3, 0x80, 0xf4, 0x4a, 0x45,
    0x3e, 0x46, 0x3e, 0x49, 0x37, 0x4a, 0x37, 0x4d, 0x33, 0x4e, 0x33, 0x64, 0x44, 0x3e, 0x48, 0x37,
    0x4c, 0x33, 0x01, 0x01, 0x01, 0x15, 0x4a, 0x45, 0x3d, 0x46, 0x3d, 0x49, 0x36, 0x4a, 0x36, 0x4d,
    0x32, 0x4e, 0x32, 0x64, 0x44, 0x3d, 0x48, 0x36, 0x4c, 0x32, 0x01, 0x01, 0x04, 0x22, 0xa0, 0x0f,
    0x09, 0x42, 0x4d, 0x31, 0x4e, 0x31, 0x60, 0x4c, 0x31, 0x01, 0x04, 0x22, 0x8d, 0x11, 0x01, 0x01,
    0x15, 0x4a, 0x45, 0x3c, 0x46, 0x3c, 0x49, 0x35, 0x4a, 0x35, 0x4d, 0x30, 0x4e, 0x30, 0x64, 0x44,
    0x3c, 0x48, 0x35, 0x4c, 0x30, 0x01, 0x01, 0x01, 0x18, 0x22, 0xad, 0x11, 0x4a, 0x45, 0x3b, 0x46,
    0x3b, 0x49, 0x34, 0x4a, 0x34, 0x4d, 0x2f, 0x4e, 0x2f, 0x64, 0x44, 0x3b, 0x48, 0x34, 0x4c, 0x2f,
    0x03, 0xb8, 0x01, 0x01, 0x01, 0x04, 0x22, 0x8d, 0x17, 0x15, 0x4a, 0x45, 0x3a, 0x46, 0x3a, 0x49,
    0x33, 0x4a, 0x33, 0x4d, 0x2e, 0x4e, 0x2e, 0x64, 0x44, 0x3a, 0x48, 0x33, 0x4c, 0x2e, 0x01, 0x01,
    0x01, 0x01, 0x15, 0x4a, 0x45, 0x39, 0x46, 0x39, 0x49, 0x32, 0x4a, 0x32, 0x4d, 0x2d, 0x4e, 0x2d,
    0x64, 0x44, 0x39, 0x48, 0x32, 0x4c, 0x2d, 0x04, 0x22, 0xad, 0x17, 0x01, 0x01, 0x12, 0x22, 0x80,
    0x1e, 0x46, 0x49, 0x31, 0x4a, 0x31, 0x4d, 0x2c, 0x4e, 0x2c, 0x62, 0x48, 0x31, 0x4c, 0x2c, 0x01,
    0x01, 0x01, 0x01, 0x15, 0x4a, 0x45, 0x38, 0x46, 0x38, 0x49, 0x30, 0x4a, 0x30, 0x4d, 0x2b, 0x4e,
    0x2b, 0x64, 0x44, 0x38, 0x48, 0x30, 0x4c, 0x2b, 0x01, 0x04, 0x22, 0xa0, 0x1e, 0x01, 0x15, 0x4a,
    0x45, 0x37, 0x46, 0x37, 0x49, 0x2f, 0x4a, 0x2f, 0x4d, 0x2a, 0x4e, 0x2a, 0x64, 0x44, 0x37, 0x48,
    0x2f, 0x4c, 0x2a, 0x01, 0x04, 0x22, 0x80, 0x0f, 0x01, 0x01, 0x15, 0x4a, 0x45, 0x36, 0x46, 0x36,
    0x49, 0x2e, 0x4a, 0x2e, 0x4d, 0x29, 0x4e, 0x29, 0x64, 0x44, 0x36, 0x48, 0x2e, 0x4c, 0x29, 0x01,
    0x01, 0x01, 0x04, 0x22, 0xa0, 0x0f, 0x09, 0x42, 0x45, 0x35, 0x46, 0x35, 0x60, 0x44, 0x35, 0x01,
    0x04, 0x22, 0x8d, 0x11, 0x01, 0x0f, 0x46, 0x49, 0x2d, 0x4a, 0x2d, 0x4d, 0x28, 0x4e, 0x28, 0x62,
    0x48, 0x2d, 0x4c, 0x28, 0x01, 0x01, 0x01, 0x01, 0x18, 0x22, 0xad, 0x11, 0x4a, 0x45, 0x34, 0x46,
    0x34, 0x49, 0x2c, 0x4a, 0x2c, 0x4d, 0x27, 0x4e, 0x27, 0x64, 0x44, 0x34, 0x48, 0x2c, 0x4c, 0x27,
    0x01, 0x01, 0x04, 0x22, 0x8d, 0x17, 0x01, 0x15, 0x4a, 0x45, 0x33, 0x46, 0x33, 0x49, 0x2b, 0x4a,
    0x2b, 0x4d, 0x26, 0x4e, 0x26, 0x64, 0x44, 0x33, 0x48, 0x2b, 0x4c, 0x26, 0x01, 0x01, 0x01, 0x15,
    0x4a, 0x45, 0x32, 0x46, 0x32, 0x49, 0x2a, 0x4a, 0x2a, 0x4d, 0x25, 0x4e, 0x25, 0x64, 0x44, 0x32,
    0x48, 0x2a, 0x4c, 0x25, 0x04, 0x22, 0xad, 0x17, 0x01, 0x01, 0x01, 0x18, 0x22, 0x80, 0x1e, 0x4a,
    0x45, 0x31, 0x46, 0x31, 0x49, 0x29, 0x4a, 0x29, 0x4d, 0x24, 0x4e, 0x24, 0x64, 0x44, 0x31, 0x48,
    0x29, 0x4c, 0x24, 0x01, 0x01, 0x01, 0x0f, 0x46, 0x49, 0x28, 0x4a, 0x28, 0x4d, 0x23, 0x4e, 0x23,
    0x62, 0x48, 0x28, 0x4c, 0x23, 0x01, 0x01, 0x06, 0x22, 0xa0, 0x1e, 0xb8, 0x01, 0x01, 0x15, 0x4a,
    0x45, 0x30, 0x46, 0x30, 0x49, 0x27, 0x4a, 0x27, 0x4d, 0x22, 0x4e, 0x22, 0x64, 0x44, 0x30, 0x48,
    0x27, 0x4c, 0x22, 0x04, 0x22, 0x80, 0x0f, 0x01, 0x01, 0x01, 0x15, 0x4a, 0x45, 0x2f, 0x46, 0x2f,
    0x49, 0x26, 0x4a, 0x26, 0x4d, 0x21, 0x4e, 0x21, 0x64, 0x44, 0x2f, 0x48, 0x26, 0x4c, 0x21, 0x01,
    0x01, 0x04, 0x22, 0xa0, 0x0f, 0x0f, 0x46, 0x45, 0x2e, 0x46, 0x2e, 0x4d, 0x20, 0x4e, 0x20, 0x62,
    0x44, 0x2e, 0x4c, 0x20, 0x01, 0x01, 0x04, 0x22, 0x8d, 0x11, 0x01, 0x15, 0x4a, 0x45, 0x2d, 0x46,
    0x2d, 0x49, 0x25, 0x4a, 0x25, 0x4d, 0x1f, 0x4e, 0x1f, 0x64, 0x44, 0x2d, 0x48, 0x25, 0x4c, 0x1f,
    0x01, 0x01, 0x01, 0x12, 0x22, 0xad, 0x11, 0x46, 0x49, 0x24, 0x4a, 0x24, 0x4d, 0x1e, 0x4e, 0x1e,
    0x62, 0x48, 0x24, 0x4c, 0x1e, 0x03, 0xb8, 0x01, 0x01, 0x01, 0x04, 0x22, 0x8d, 0x17, 0x15, 0x4a,
    0x45, 0x2c, 0x46, 0x2c, 0x49, 0x23, 0x4a, 0x23, 0x4d, 0x1d, 0x4e, 0x1d, 0x64, 0x44, 0x2c, 0x48,
    0x23, 0x4c, 0x1d, 0x01, 0x01, 0x01, 0x01, 0x15, 0x4a, 0x45, 0x2b, 0x46, 0x2b, 0x49, 0x22, 0x4a,
    0x22, 0x4d, 0x1c, 0x4e, 0x1c, 0x64, 0x44, 0x2b, 0x48, 0x22, 0x4c, 0x1c, 0x04, 0x22, 0xad, 0x17,
    0x01, 0x01, 0x18, 0x22, 0x80, 0x1e, 0x4a, 0x45, 0x2a, 0x46, 0x2a, 0x49, 0x21, 0x4a, 0x21, 0x4d,
    0x1b, 0x4e, 0x1b, 0x64, 0x44, 0x2a, 0x48, 0x21, 0x4c, 0x1b, 0x01, 0x01, 0x01, 0x01, 0x15, 0x4a,
    0x45, 0x29, 0x46, 0x29, 0x49, 0x20, 0x4a, 0x20, 0x4d, 0x1a, 0x4e, 0x1a, 0x64, 0x44, 0x29, 0x48,
    0x20, 0x4c, 0x1a, 0x01, 0x04, 0x22, 0xa0, 0x1e, 0x01, 0x01, 0x0f, 0x46, 0x49, 0x1f, 0x4a, 0x1f,
    0x4d, 0x19, 0x4e, 0x19, 0x62, 0x48, 0x1f, 0x4c, 0x19, 0x04, 0x22, 0x8b, 0x23, 0x01, 0x01, 0x15,
    0x4a, 0x45, 0x28, 0x46, 0x28, 0x49, 0x1e, 0x4a, 0x1e, 0x4d, 0x18, 0x4e, 0x18, 0x64, 0x44, 0x28,
    0x48, 0x1e, 0x4c, 0x18, 0x01, 0x01, 0x01, 0x04, 0x22, 0xab, 0x23, 0x09, 0x42, 0x45, 0x27, 0x46,
    0x27, 0x60, 0x44, 0x27, 0x01, 0x01, 0x01, 0x15, 0x4a, 0x45, 0x26, 0x46, 0x26, 0x49, 0x1d, 0x4a,
    0x1d, 0x4d, 0x17, 0x4e, 0x17, 0x64, 0x44, 0x26, 0x48, 0x1d, 0x4c, 0x17, 0x01, 0x03, 0x20, 0x96,
    0x01, 0x01, 0x19, 0x30, 0xb7, 0x4a, 0x45, 0x25, 0x46, 0x25, 0x49, 0x1c, 0x4a, 0x1c, 0x4d, 0x16,
    0x4e, 0x16, 0x64, 0x44, 0x25, 0x48, 0x1c, 0x4c, 0x16, 0xb8, 0x01, 0x01, 0x01, 0x03, 0x30, 0x97,
    0x01, 0x0f, 0x46, 0x49, 0x1b, 0x4a, 0x1b, 0x4d, 0x15, 0x4e, 0x15, 0x62, 0x48, 0x1b, 0x4c, 0x15,
    0x01, 0x03, 0x20, 0xb8, 0x01, 0x15, 0x4a, 0x45, 0x24, 0x46, 0x24, 0x49, 0x1a, 0x4a, 0x1a, 0x4d,
    0x14, 0x4e, 0x14, 0x64, 0x44, 0x24, 0x48, 0x1a, 0x4c, 0x14, 0x03, 0x20, 0x98, 0x01, 0x01, 0x01,
    0x17, 0x30, 0xb9, 0x4a, 0x45, 0x23, 0x46, 0x23, 0x49, 0x19, 0x4a, 0x19, 0x4d, 0x13, 0x4e, 0x13,
    0x64, 0x44, 0x23, 0x48, 0x19, 0x4c, 0x13, 0x01, 0x01, 0x03, 0x30, 0x99, 0x15, 0x4a, 0x45, 0x22,
    0x46, 0x22, 0x49, 0x18, 0x4a, 0x18, 0x4d, 0x12, 0x4e, 0x12, 0x64, 0x44, 0x22, 0x48, 0x18, 0x4c,
    0x12, 0x01, 0x01, 0x05, 0x20, 0xba, 0xb8, 0x01, 0x01, 0x15, 0x4a, 0x45, 0x21, 0x46, 0x21, 0x49,
    0x17, 0x4a, 0x17, 0x4d, 0x11, 0x4e, 0x11, 0x64, 0x44, 0x21, 0x48, 0x17, 0x4c, 0x11, 0x57, 0x20,
    0x9a, 0x82, 0x00, 0xf0, 0x5e, 0x32, 0x01, 0x36, 0x00, 0x3a, 0x01, 0x3e, 0x01, 0x42, 0x20, 0x44,
    0x2f, 0x46, 0x1a, 0x48, 0x23, 0x4a, 0x1a, 0x4c, 0x0c, 0x4e, 0x0d, 0x52, 0x5c, 0x56, 0x9d, 0x5a,
    0x1f, 0x5e, 0x96, 0x66, 0x08, 0x56, 0x6a, 0x05, 0x6e, 0x09, 0x72, 0x08, 0x76, 0x07, 0x7a, 0x03,
    0x7e, 0x06, 0x82, 0x15, 0x86, 0x15, 0x8e, 0x25, 0x9e, 0x00, 0xb2, 0x3d, 0xb6, 0xc1, 0x80, 0x02,
    0x42, 0xa6, 0x23, 0xa2, 0xc5, 0x80, 0xf2, 0x44, 0x46, 0x1b, 0x4a, 0x1b, 0x4e, 0x0e, 0xc4, 0x46,
    0x15, 0x49, 0x15, 0x4f, 0x25, 0x01, 0x01, 0x01, 0x03, 0x30, 0xbb, 0x01, 0x01, 0x4e, 0x30, 0x9b,
    0x5e, 0x31, 0x01, 0x35, 0x00, 0x39, 0x01, 0x3d, 0x01, 0x41, 0x20, 0x45, 0x1a, 0x49, 0x1a, 0x4d,
    0x0d, 0x51, 0x5c, 0x55, 0x9d, 0x59, 0x1f, 0x5d, 0x96, 0x65, 0x08, 0x69, 0x05, 0x6d, 0x09, 0x71,
    0x08, 0x50, 0x75, 0x07, 0x79, 0x03, 0x7d, 0x06, 0x81, 0x15, 0x85, 0x15, 0x8d, 0x25, 0x9d, 0x00,
    0xb1, 0x3d, 0xb5, 0x81, 0x80, 0x01, 0x42, 0xa5, 0x23, 0xa1, 0xc5, 0x80, 0xf1, 0x44, 0x45, 0x22,
    0x49, 0x22, 0x4d, 0x16, 0xc4, 0x45, 0x15, 0x48, 0x15, 0x4e, 0x25, 0x01, 0x01, 0x01, 0x0c, 0x20,
    0xbc, 0x80, 0x02, 0x42, 0xa6, 0x24, 0xa2, 0x7b, 0x80, 0xf2, 0x01, 0x01, 0x03, 0x20, 0x9c, 0x01,
    0x01, 0x01, 0x59, 0x30, 0xbd, 0x80, 0x01, 0x42, 0xa5, 0x24, 0xa1, 0x7b, 0x80, 0xf1, 0x7e, 0x30,
    0x01, 0x34, 0x00, 0x38, 0x01, 0x3c, 0x01, 0x40, 0x20, 0x44, 0x1a, 0x48, 0x1a, 0x4c, 0x0d, 0x50,
    0x5c, 0x54, 0x9d, 0x58, 0x1f, 0x5c, 0x96, 0x64, 0x08, 0x68, 0x05, 0x6c, 0x09, 0x70, 0x08, 0x70,
    0x74, 0x07, 0x78, 0x03, 0x7c, 0x06, 0x80, 0x15, 0x84, 0x15, 0x8c, 0x25, 0x9c, 0x00, 0xb0, 0x3d,
    0xb4, 0x41, 0x80, 0x04, 0x62, 0xa4, 0x23, 0xa0, 0xc5, 0x80, 0xf4, 0x64, 0x44, 0x24, 0x48, 0x24,
    0x4c, 0x19, 0xc4, 0x50, 0x15, 0x53, 0x15, 0x59, 0x25, 0xb8, 0x01, 0x01, 0x01, 0x0c, 0x30, 0x9d,
    0x80, 0x02, 0x42, 0xa6, 0x2a, 0xa2, 0xd3, 0x80, 0xf2, 0x01, 0x01, 0x5a, 0x20, 0xbe, 0x7e, 0x31,
    0x01, 0x35, 0x00, 0x39, 0x01, 0x3d, 0x01, 0x41, 0x20, 0x45, 0x11, 0x49, 0x11, 0x4d, 0x03, 0x51,
    0x5c, 0x55, 0x9d, 0x59, 0x1f, 0x5d, 0x96, 0x61, 0x04, 0x65, 0x08, 0x69, 0x05, 0x6d, 0x09, 0x7a,
    0x71, 0x08, 0x75, 0x07, 0x79, 0x03, 0x7d, 0x06, 0x81, 0x15, 0x85, 0x15, 0x89, 0x15, 0x8d, 0x25,
    0x91, 0x00, 0x95, 0x00, 0x99, 0x00, 0x9d, 0x00, 0xb1, 0x3d, 0xb5, 0xc1, 0x80, 0x05, 0x62, 0xa5,
    0x23, 0xa1, 0xc5, 0x80, 0xf5, 0x64, 0x45, 0x26, 0x49, 0x26, 0x4d, 0x1b, 0xc6, 0x51, 0x15, 0x54,
    0x15, 0x57, 0x15, 0x5a, 0x25, 0x01, 0x01, 0x01, 0x14, 0x20, 0x9e, 0x80, 0x01, 0x42, 0xa5, 0x2a,
    0xa1, 0xd3, 0x82, 0xf1, 0x04, 0x62, 0xa4, 0x24, 0xa0, 0x7b, 0x80, 0xf4, 0x01, 0x01, 0x0c, 0x30,
    0xbf, 0x80, 0x02, 0x42, 0xa6, 0x2a, 0xa2, 0xfe, 0x80, 0xf2, 0x01, 0x01, 0x01, 0x0c, 0x30, 0x9f,
    0x80, 0x05, 0x62, 0xa5, 0x24, 0xa1, 0x7b, 0x80, 0xf5, 0x01, 0x01, 0x12, 0x80, 0x01, 0x42, 0xa5,
    0x2a, 0xa1, 0xfe, 0x82, 0xf1, 0x04, 0x62, 0xa4, 0x2a, 0xa0, 0xd3, 0x80, 0xf4, 0x01, 0x01, 0x01,
    0x0a, 0x80, 0x02, 0x42, 0xa6, 0x23, 0xa2, 0xc5, 0x80, 0xf2, 0x01, 0x01, 0x0a, 0x80, 0x05, 0x62,
    0xa5, 0x2a, 0xa1, 0xd3, 0x80, 0xf5, 0x01, 0x01, 0x01, 0x12, 0x80, 0x01, 0x42, 0xa5, 0x23, 0xa1,
    0xc5, 0x82, 0xf1, 0x04, 0x62, 0xa4, 0x2a, 0xa0, 0xfe, 0x80, 0xf4, 0x01, 0x01, 0x0a, 0x80, 0x02,
    0x42, 0xa6, 0x24, 0xa2, 0x7b, 0x80, 0xf2, 0x01, 0x01, 0x01, 0x0a, 0x80, 0x05, 0x62, 0xa5, 0x2a,
    0xa1, 0xfe, 0x80, 0xf5, 0x01, 0x01, 0x12, 0x80, 0x01, 0x42, 0xa5, 0x24, 0xa1, 0x7b, 0x82, 0xf1,
    0x04, 0x62, 0xa4, 0x23, 0xa0, 0xc5, 0x80, 0xf4, 0x01, 0x01, 0x01, 0x0a, 0x80, 0x02, 0x42, 0xa6,
    0x2a, 0xa2, 0xd3, 0x80, 0xf2, 0x01, 0x01, 0x0a, 0x80, 0x05, 0x62, 0xa5, 0x23, 0xa1, 0xc5, 0x80,
    0xf5, 0x01, 0x01, 0x12, 0x80, 0x01, 0x42, 0xa5, 0x2a, 0xa1, 0xd3, 0x82, 0xf1, 0x04, 0x62, 0xa4,
    0x24, 0xa0, 0x7b, 0x80, 0xf4, 0x01, 0x01, 0x01, 0x0a, 0x80, 0x02, 0x42, 0xa6, 0x2a, 0xa2, 0xfe,
    0x80, 0xf2, 0x01, 0x01, 0x0a, 0x80, 0x05, 0x62, 0xa5, 0x24, 0xa1, 0x7b, 0x80, 0xf5, 0x01, 0x01,
    0x01, 0x12, 0x80, 0x01, 0x42, 0xa5, 0x2a, 0xa1, 0xfe, 0x82, 0xf1, 0x04, 0x62, 0xa4, 0x2a, 0xa0,
    0xd3, 0x80, 0xf4, 0x03, 0xb8, 0x01, 0x01, 0xf8, 0x36, 0x9f, 0xbf, 0xdf, 0xff, 0x26, 0x8b, 0x23,
    0xab, 0x23, 0x5c, 0xa4, 0x0b, 0xa0, 0xc5, 0xa5, 0x2a, 0xa1, 0xfe, 0xa6, 0x2a, 0xa2, 0xfe, 0x22,
    0x08, 0x27, 0x00, 0x30, 0x11, 0x31, 0x01, 0x32, 0x01, 0x34, 0x01, 0x35, 0x00, 0x36, 0x00, 0x38,
    0x75, 0x5e, 0x39, 0x01, 0x3a, 0x01, 0x3c, 0x72, 0x3d, 0x01, 0x3e, 0x01, 0x40, 0x1e, 0x41, 0x20,
    0x42, 0x20, 0x44, 0x2f, 0x45, 0x22, 0x46, 0x1b, 0x48, 0x23, 0x49, 0x22, 0x4a, 0x1b, 0x4c, 0x0c,
    0x4d, 0x16, 0x5e, 0x4e, 0x0e, 0x50, 0x51, 0x51, 0x5c, 0x52, 0x5c, 0x54, 0x16, 0x55, 0x9d, 0x56,
    0x9d, 0x58, 0x1a, 0x59, 0x1f, 0x5a, 0x1f, 0x5c, 0x13, 0x5d, 0x96, 0x5e, 0x96, 0x60, 0x05, 0x61,
    0x04, 0x62, 0x04, 0x5e, 0x64, 0x03, 0x65, 0x08, 0x66, 0x08, 0x68, 0x04, 0x69, 0x05, 0x6a, 0x05,
    0x6c, 0x03, 0x6d, 0x09, 0x6e, 0x09, 0x70, 0x01, 0x71, 0x08, 0x72, 0x08, 0x74, 0x00, 0x75, 0x07,
    0x76, 0x07, 0x78, 0x00, 0x5e, 0x79, 0x03, 0x7a, 0x03, 0x7c, 0x00, 0x7d, 0x06, 0x7e, 0x06, 0x80,
    0x18, 0x81, 0x15, 0x82, 0x15, 0x84, 0x28, 0x85, 0x15, 0x86, 0x15, 0x88, 0x18, 0x89, 0x15, 0x8a,
    0x15, 0x8c, 0x28, 0x8d, 0x25, 0x5e, 0x8e, 0x25, 0x90, 0x00, 0x91, 0x00, 0x92, 0x00, 0x94, 0x00,
    0x95, 0x00, 0x96, 0x00, 0x98, 0x00, 0x99, 0x00, 0x9a, 0x00, 0x9c, 0x00, 0x9d, 0x00, 0x9e, 0x00,
    0xb0, 0x0d, 0xb1, 0x3d, 0xb2, 0x3d, 0x44, 0xb4, 0xc2, 0xb5, 0x81, 0xb6, 0xc1, 0x7e, 0xa4, 0x2a,
    0xa0, 0xd3, 0xa5, 0x24, 0xa1, 0x7b, 0x30, 0x01, 0x31, 0x01, 0x34, 0x00, 0x35, 0x00, 0x38, 0x01,
    0x39, 0x01, 0x3c, 0x01, 0x3d, 0x01, 0x40, 0x20, 0x41, 0x20, 0x44, 0x24, 0x45, 0x26, 0xfa, 0x78,
    0x7e, 0x48, 0x24, 0x49, 0x26, 0x4c, 0x19, 0x4d, 0x1b, 0x50, 0x5c, 0x51, 0x5c, 0x54, 0x9d, 0x55,
    0x9d, 0x58, 0x1f, 0x59, 0x1f, 0x5c, 0x96, 0x5d, 0x96, 0x60, 0x04, 0x61, 0x04, 0x64, 0x08, 0x65,
    0x08, 0x7e, 0x68, 0x05, 0x69, 0x05, 0x6c, 0x09, 0x6d, 0x09, 0x70, 0x08, 0x71, 0x08, 0x74, 0x07,
    0x75, 0x07, 0x78, 0x03, 0x79, 0x03, 0x7c, 0x06, 0x7d, 0x06, 0x80, 0x15, 0x81, 0x15, 0x84, 0x15,
    0x85, 0x15, 0x7e, 0x88, 0x15, 0x89, 0x15, 0x8c, 0x25, 0x8d, 0x25, 0x90, 0x00, 0x91, 0x00, 0x94,
    0x00, 0x95, 0x00, 0x98, 0x00, 0x99, 0x00, 0x9c, 0x00, 0x9d, 0x00, 0xb0, 0x3d, 0xb1, 0x3d, 0xb4,
    0x41, 0xb5, 0xc1, 0x60, 0xb6, 0xc0, 0x80, 0x00, 0x42, 0xa4, 0x0c, 0xa0, 0x7b, 0x82, 0xf0, 0x02,
    0x42, 0xa6, 0x23, 0xa2, 0xc5, 0x80, 0xf2, 0x01, 0x01, 0x01, 0x0a, 0x80, 0x05, 0x62, 0xa5, 0x2a,
    0xa1, 0xd3, 0x80, 0xf5, 0x01, 0x01, 0x12, 0x80, 0x01, 0x42, 0xa5, 0x23, 0xa1, 0xc5, 0x82, 0xf1,
    0x04, 0x62, 0xa4, 0x2a, 0xa0, 0xfe, 0x80, 0xf4, 0x01, 0x01, 0x01, 0x0a, 0x80, 0x02, 0x42, 0xa6,
    0x24, 0xa2, 0x7b, 0x80, 0xf2, 0x01, 0x01, 0x0a, 0x80, 0x05, 0x62, 0xa5, 0x2a, 0xa1, 0xfe, 0x80,
    0xf5, 0x01, 0x01, 0x01, 0x1b, 0x80, 0x01, 0x42, 0xa5, 0x24, 0xa1, 0x7b, 0x82, 0xf1, 0x04, 0x62,
    0xa4, 0x23, 0xa0, 0xc5, 0x80, 0xf4, 0x64, 0x44, 0x22, 0x48, 0x22, 0x4c, 0x16, 0xb8, 0x01, 0x01,
    0x01, 0x0a, 0x80, 0x02, 0x42, 0xa6, 0x2a, 0xa2, 0xd3, 0x80, 0xf2, 0x01, 0x01, 0x01, 0x04, 0x82,
    0x05, 0xf5, 0x01, 0x01, 0x12, 0x80, 0x01, 0x42, 0xa5, 0x2a, 0xa1, 0xd3, 0x82, 0xf1, 0x04, 0x62,
    0xa4, 0x24, 0xa0, 0x7b, 0x80, 0xf4, 0x01, 0x01, 0x0a, 0x80, 0x02, 0x42, 0xa6, 0x2a, 0xa2, 0xfe,
    0x80, 0xf2, 0x01, 0x01, 0x01, 0x11, 0x80, 0x05, 0x62, 0xa5, 0x23, 0xa1, 0xc5, 0x80, 0xf5, 0x64,
    0x45, 0x22, 0x49, 0x22, 0x4d, 0x16, 0x01, 0x01, 0x12, 0x80, 0x01, 0x42, 0xa5, 0x2a, 0xa1, 0xfe,
    0x82, 0xf1, 0x04, 0x62, 0xa4, 0x2a, 0xa0, 0xd3, 0x80, 0xf4, 0x01, 0x01, 0x01, 0x12, 0x80, 0x00,
    0x42, 0xa4, 0x12, 0xa0, 0xd3, 0x82, 0xf0, 0x02, 0x42, 0xa6, 0x23, 0xa2, 0xc5, 0x80, 0xf2, 0x01,
    0x01, 0x0a, 0x80, 0x05, 0x62, 0xa5, 0x24, 0xa1, 0x7b, 0x80, 0xf5, 0x01, 0x01, 0x01, 0x12, 0x80,
    0x01, 0x42, 0xa5, 0x23, 0xa1, 0xc5, 0x82, 0xf1, 0x04, 0x62, 0xa4, 0x2a, 0xa0, 0xfe, 0x80, 0xf4,
    0x01, 0x01, 0x0a, 0x80, 0x02, 0x42, 0xa6, 0x24, 0xa2, 0x7b, 0x80, 0xf2, 0x01, 0x01, 0x01, 0x0a,
    0x80, 0x05, 0x62, 0xa5, 0x2a, 0xa1, 0xd3, 0x80, 0xf5, 0x01, 0x01, 0x12, 0x80, 0x01, 0x42, 0xa5,
    0x24, 0xa1, 0x7b, 0x82, 0xf1, 0x04, 0x62, 0xa4, 0x23, 0xa0, 0xc5, 0x80, 0xf4, 0x01, 0x01, 0x01,
    0x0a, 0x80, 0x02, 0x42, 0xa6, 0x2a, 0xa2, 0xd3, 0x80, 0xf2, 0x01, 0x01, 0x0a, 0x80, 0x05, 0x62,
    0xa5, 0x2a, 0xa1, 0xfe, 0x80, 0xf5, 0x01, 0x01, 0x12, 0x80, 0x01, 0x42, 0xa5, 0x2a, 0xa1, 0xd3,
    0x82, 0xf1, 0x04, 0x62, 0xa4, 0x24, 0xa0, 0x7b, 0x80, 0xf4, 0x01, 0x01, 0x01, 0x0a, 0x80, 0x02,
    0x42, 0xa6, 0x2a, 0xa2, 0xfe, 0x80, 0xf2, 0x01, 0x01, 0x0a, 0x80, 0x05, 0x62, 0xa5, 0x23, 0xa1,
    0xc5, 0x80, 0xf5, 0x01, 0x01, 0x01, 0x14, 0x80, 0x01, 0x42, 0xa5, 0x2a, 0xa1, 0xfe, 0x82, 0xf1,
    0x04, 0x62, 0xa4, 0x2a, 0xa0, 0xd3, 0x80, 0xf4, 0xb8, 0x01, 0x01, 0x01, 0x12, 0x80, 0x00, 0x42,
    0xa4, 0x12, 0xa0, 0xaa, 0x82, 0xf0, 0x02, 0x42, 0xa6, 0x23, 0xa2, 0x8e, 0x80, 0xf2, 0x01, 0x01,
    0x01, 0x0a, 0x80, 0x05, 0x62, 0xa5, 0x24, 0xa1, 0x7b, 0x80, 0xf5, 0x01, 0x01, 0x12, 0x80, 0x01,
    0x42, 0xa5, 0x23, 0xa1, 0x8e, 0x82, 0xf1, 0x04, 0x62, 0xa4, 0x2a, 0xa0, 0xfe, 0x80, 0xf4, 0x01,
    0x01, 0x01, 0x0a, 0x80, 0x02, 0x42, 0xa6, 0x24, 0xa2, 0x3b, 0x80, 0xf2, 0x01, 0x01, 0x0a, 0x80,
    0x05, 0x62, 0xa5, 0x2a, 0xa1, 0xfe, 0x80, 0xf5, 0x01, 0x01, 0x01, 0x14, 0x80, 0x01, 0x42, 0xa5,
    0x24, 0xa1, 0x3b, 0x82, 0xf1, 0x04, 0x62, 0xa4, 0x23, 0xa0, 0x8e, 0x80, 0xf4, 0xb8, 0x01, 0x01,
    0x01, 0x0a, 0x80, 0x02, 0x42, 0xa6, 0x2a, 0xa2, 0xd3, 0x80, 0xf2, 0x01, 0x01, 0x01, 0x0a, 0x80,
    0x05, 0x62, 0xa5, 0x23, 0xa1, 0x8e, 0x80, 0xf5, 0x01, 0x01, 0x12, 0x80, 0x01, 0x42, 0xa5, 0x2a,
    0xa1, 0xd3, 0x82, 0xf1, 0x04, 0x62, 0xa4, 0x24, 0xa0, 0x3b, 0x80, 0xf4, 0x01, 0x01, 0x0a, 0x80,
    0x02, 0x42, 0xa6, 0x2a, 0xa2, 0xfe, 0x80, 0xf2, 0x01, 0x01, 0x01, 0x0a, 0x80, 0x05, 0x62, 0xa5,
    0x24, 0xa1, 0x3b, 0x80, 0xf5, 0x01, 0x01, 0x12, 0x80, 0x01, 0x42, 0xa5, 0x2a, 0xa1, 0xfe, 0x82,
    0xf1, 0x04, 0x62, 0xa4, 0x2a, 0xa0, 0xd3, 0x80, 0xf4, 0x01, 0x01, 0x01, 0x12, 0x80, 0x00, 0x42,
    0xa4, 0x0b, 0xa0, 0x8e, 0x82, 0xf0, 0x02, 0x42, 0xa6, 0x23, 0xa2, 0x8e, 0x80, 0xf2, 0x01, 0x01,
    0x0a, 0x80, 0x05, 0x62, 0xa5, 0x2a, 0xa1, 0xd3, 0x80, 0xf5, 0x01, 0x01, 0x01, 0x12, 0x80, 0x01,
    0x42, 0xa5, 0x23, 0xa1, 0x8e, 0x82, 0xf1, 0x04, 0x62, 0xa4, 0x2a, 0xa0, 0xfe, 0x80, 0xf4, 0x01,
    0x01, 0x0a, 0x80, 0x02, 0x42, 0xa6, 0x24, 0xa2, 0x3b, 0x80, 0xf2, 0x01, 0x01, 0x01, 0x0a, 0x80,
    0x05, 0x62, 0xa5, 0x2a, 0xa1, 0xfe, 0x80, 0xf5, 0x01, 0x01, 0x12, 0x80, 0x01, 0x42, 0xa5, 0x24,
    0xa1, 0x3b, 0x82, 0xf1, 0x04, 0x62, 0xa4, 0x23, 0xa0, 0x8e, 0x80, 0xf4, 0x01, 0x01, 0x01, 0x0a,
    0x80, 0x02, 0x42, 0xa6, 0x2a, 0xa2, 0xd3, 0x80, 0xf2, 0x01, 0x01, 0x0a, 0x80, 0x05, 0x62, 0xa5,
    0x23, 0xa1, 0x8e, 0x80, 0xf5, 0x01, 0x01, 0x01, 0x12, 0x80, 0x01, 0x42, 0xa5, 0x2a, 0xa1, 0xd3,
    0x82, 0xf1, 0x04, 0x62, 0xa4, 0x24, 0xa0, 0x3b, 0x80, 0xf4, 0x01, 0x01, 0x0a, 0x80, 0x02, 0x42,
    0xa6, 0x2a, 0xa2, 0xfe, 0x80, 0xf2, 0x01, 0x01, 0x0a, 0x80, 0x05, 0x62, 0xa5, 0x24, 0xa1, 0x3b,
    0x80, 0xf5, 0x01, 0x01, 0x01, 0x14, 0x80, 0x01, 0x42, 0xa5, 0x2a, 0xa1, 0xfe, 0x82, 0xf1, 0x04,
    0x62, 0xa4, 0x2a, 0xa0, 0xd3, 0x80, 0xf4, 0xb8, 0x01, 0x01, 0x01, 0x0a, 0x80, 0x02, 0x42, 0xa6,
    0x23, 0xa2, 0x8e, 0x80, 0xf2, 0x01, 0x01, 0x01, 0x0a, 0x80, 0x05, 0x62, 0xa5, 0x2a, 0xa1, 0xd3,
    0x80, 0xf5, 0x01, 0x01, 0x12, 0x80, 0x01, 0x42, 0xa5, 0x23, 0xa1, 0x8e, 0x82, 0xf1, 0x04, 0x62,
    0xa4, 0x2a, 0xa0, 0xfe, 0x80, 0xf4, 0x01, 0x01, 0x01, 0x0a, 0x80, 0x02, 0x42, 0xa6, 0x24, 0xa2,
    0x3b, 0x80, 0xf2, 0x01, 0x01, 0x0a, 0x80, 0x05, 0x62, 0xa5, 0x2a, 0xa1, 0xfe, 0x80, 0xf5, 0x01,
    0x01, 0x01, 0x14, 0x80, 0x01, 0x42, 0xa5, 0x24, 0xa1, 0x3b, 0x82, 0xf1, 0x04, 0x62, 0xa4, 0x23,
    0xa0, 0x8e, 0x80, 0xf4, 0xb8, 0x01, 0x01, 0x01, 0x0a, 0x80, 0x02, 0x42, 0xa6, 0x2a, 0xa2, 0xd3,
    0x80, 0xf2, 0x01, 0x01, 0x01, 0x0a, 0x80, 0x05, 0x62, 0xa5, 0x23, 0xa1, 0x8e, 0x80, 0xf5, 0x01,
    0x01, 0x12, 0x80, 0x01, 0x42, 0xa5, 0x2a, 0xa1, 0xd3, 0x82, 0xf1, 0x04, 0x62, 0xa4, 0x24, 0xa0,
    0x3b, 0x80, 0xf4, 0x01, 0x01, 0x01, 0x0a, 0x80, 0x02, 0x42, 0xa6, 0x2a, 0xa2, 0xfe, 0x80, 0xf2,
    0x01, 0x01, 0x0a, 0x80, 0x05, 0x62, 0xa5, 0x24, 0xa1, 0x3b, 0x80, 0xf5, 0x01, 0x01, 0x12, 0x80,
    0x01, 0x42, 0xa5, 0x2a, 0xa1, 0xfe, 0x82, 0xf1, 0x04, 0x62, 0xa4, 0x2a, 0xa0, 0xd3, 0x80, 0xf4,
    0x01, 0x01, 0x01, 0x0a, 0x80, 0x02, 0x42, 0xa6, 0x23, 0xa2, 0x8e, 0x80, 0xf2, 0x01, 0x01, 0x0a,
    0x80, 0x05, 0x62, 0xa5, 0x2a, 0xa1, 0xd3, 0x80, 0xf5, 0x01, 0x01, 0x01, 0x12, 0x80, 0x01, 0x42,
    0xa5, 0x23, 0xa1, 0x8e, 0x82, 0xf1, 0x04, 0x62, 0xa4, 0x2a, 0xa0, 0xfe, 0x80, 0xf4, 0x01, 0x01,
    0x0a, 0x80, 0x02, 0x42, 0xa6, 0x24, 0xa2, 0x3b, 0x80, 0xf2, 0x01, 0x01, 0x01, 0x0a, 0x80, 0x05,
    0x62, 0xa5, 0x2a, 0xa1, 0xfe, 0x80, 0xf5, 0x01, 0x01, 0x12, 0x80, 0x01, 0x42, 0xa5, 0x24, 0xa1,
    0x3b, 0x82, 0xf1, 0x04, 0x62, 0xa4, 0x23, 0xa0, 0x8e, 0x80, 0xf4, 0x03, 0xb8, 0x01, 0x01, 0x01,
    0x0a, 0x80, 0x02, 0x42, 0xa6, 0x2a, 0xa2, 0xd3, 0x80, 0xf2, 0x01, 0x01, 0x0a, 0x80, 0x05, 0x62,
    0xa5, 0x23, 0xa1, 0x8e, 0x80, 0xf5, 0x01, 0x01, 0x01, 0x12, 0x80, 0x01, 0x42, 0xa5, 0x2a, 0xa1,
    0xd3, 0x82, 0xf1, 0x04, 0x62, 0xa4, 0x24, 0xa0, 0x3b, 0x80, 0xf4, 0x01, 0x01, 0x0a, 0x80, 0x02,
    0x42, 0xa6, 0x2a, 0xa2, 0xfe, 0x80, 0xf2, 0x01, 0x01, 0x01, 0x0a, 0x80, 0x05, 0x62, 0xa5, 0x24,
    0xa1, 0x3b, 0x80, 0xf5, 0x01, 0x01, 0x14, 0x80, 0x01, 0x42, 0xa5, 0x2a, 0xa1, 0xfe, 0x82, 0xf1,
    0x04, 0x62, 0xa4, 0x2a, 0xa0, 0xd3, 0x80, 0xf4, 0xb8, 0x01, 0x01, 0x01, 0x12, 0x80, 0x00, 0x42,
    0xa4, 0x0b, 0xa0, 0x5b, 0x82, 0xf0, 0x02, 0x42, 0xa6, 0x23, 0xa2, 0x5b, 0x80, 0xf2, 0x01, 0x01,
    0x01, 0x0a, 0x80, 0x05, 0x62, 0xa5, 0x2a, 0xa1, 0xd3, 0x80, 0xf5, 0x01, 0x01, 0x12, 0x80, 0x01,
    0x42, 0xa5, 0x23, 0xa1, 0x5b, 0x82, 0xf1, 0x04, 0x62, 0xa4, 0x2a, 0xa0, 0xfe, 0x80, 0xf4, 0x01,
    0x01, 0x01, 0x0a, 0x80, 0x02, 0x42, 0xa6, 0x23, 0xa2, 0xfe, 0x80, 0xf2, 0x01, 0x01, 0x0a, 0x80,
    0x05, 0x62, 0xa5, 0x2a, 0xa1, 0xfe, 0x80, 0xf5, 0x01, 0x01, 0x01, 0x14, 0x80, 0x01, 0x42, 0xa5,
    0x23, 0xa1, 0xfe, 0x82, 0xf1, 0x04, 0x62, 0xa4, 0x23, 0xa0, 0x5b, 0x80, 0xf4, 0xb8, 0x01, 0x01,
    0x01, 0x0a, 0x80, 0x02, 0x42, 0xa6, 0x2a, 0xa2, 0xd3, 0x80, 0xf2, 0x01, 0x01, 0x01, 0x0a, 0x80,
    0x05, 0x62, 0xa5, 0x23, 0xa1, 0x5b, 0x80, 0xf5, 0x01, 0x01, 0x12, 0x80, 0x01, 0x42, 0xa5, 0x2a,
    0xa1, 0xd3, 0x82, 0xf1, 0x04, 0x62, 0xa4, 0x23, 0xa0, 0xfe, 0x80, 0xf4, 0x01, 0x01, 0x01, 0x0a,
    0x80, 0x02, 0x42, 0xa6, 0x2a, 0xa2, 0xfe, 0x80, 0xf2, 0x01, 0x01, 0x0a, 0x80, 0x05, 0x62, 0xa5,
    0x23, 0xa1, 0xfe, 0x80, 0xf5, 0x01, 0x01, 0x01, 0x12, 0x80, 0x01, 0x42, 0xa5, 0x2a, 0xa1, 0xfe,
    0x82, 0xf1, 0x04, 0x62, 0xa4, 0x2a, 0xa0, 0xd3, 0x80, 0xf4, 0x01, 0x01, 0x0a, 0x80, 0x02, 0x42,
    0xa6, 0x23, 0xa2, 0x5b, 0x80, 0xf2, 0x01, 0x01, 0x0a, 0x80, 0x05, 0x62, 0xa5, 0x2a, 0xa1, 0xd3,
    0x80, 0xf5, 0x01, 0x01, 0x01, 0x12, 0x80, 0x01, 0x42, 0xa5, 0x23, 0xa1, 0x5b, 0x82, 0xf1, 0x04,
    0x62, 0xa4, 0x2a, 0xa0, 0xfe, 0x80, 0xf4, 0x01, 0x01, 0x0a, 0x80, 0x02, 0x42, 0xa6, 0x23, 0xa2,
    0xfe, 0x80, 0xf2, 0x01, 0x01, 0x01, 0x0a, 0x80, 0x05, 0x62, 0xa5, 0x2a, 0xa1, 0xfe, 0x80, 0xf5,
    0x01, 0x01, 0x12, 0x80, 0x01, 0x42, 0xa5, 0x23, 0xa1, 0xfe, 0x82, 0xf1, 0x04, 0x62, 0xa4, 0x23,
    0xa0, 0x5b, 0x80, 0xf4, 0x01, 0x01, 0x01, 0x0a, 0x80, 0x02, 0x42, 0xa6, 0x2a, 0xa2, 0xd3, 0x80,
    0xf2, 0x01, 0x01, 0x0a, 0x80, 0x05, 0x62, 0xa5, 0x23, 0xa1, 0x5b, 0x80, 0xf5, 0x01, 0x01, 0x01,
    0x12, 0x80, 0x01, 0x42, 0xa5, 0x2a, 0xa1, 0xd3, 0x82, 0xf1, 0x04, 0x62, 0xa4, 0x23, 0xa0, 0xfe,
    0x80, 0xf4, 0x01, 0x01, 0x0a, 0x80, 0x02, 0x42, 0xa6, 0x2a, 0xa2, 0xfe, 0x80, 0xf2, 0x01, 0x01,
    0x01, 0x0a, 0x80, 0x05, 0x62, 0xa5, 0x23, 0xa1, 0xfe, 0x80, 0xf5, 0x01, 0x01, 0x12, 0x80, 0x01,
    0x42, 0xa5, 0x2a, 0xa1, 0xfe, 0x82, 0xf1, 0x04, 0x62, 0xa4, 0x2a, 0xa0, 0xd3, 0x80, 0xf4, 0x03,
    0xb8, 0x01, 0x01, 0x01, 0x0a, 0x80, 0x02, 0x42, 0xa6, 0x23, 0xa2, 0x5b, 0x80, 0xf2, 0x01, 0x01,
    0x0a, 0x80, 0x05, 0x62, 0xa5, 0x2a, 0xa1, 0xd3, 0x80, 0xf5, 0x01, 0x01, 0x12, 0x80, 0x01, 0x42,
    0xa5, 0x23, 0xa1, 0x5b, 0x82, 0xf1, 0x04, 0x62, 0xa4, 0x2a, 0xa0, 0xfe, 0x80, 0xf4, 0x01, 0x01,
    0x01, 0x0a, 0x80, 0x02, 0x42, 0xa6, 0x23, 0xa2, 0xfe, 0x80, 0xf2, 0x01, 0x01, 0x0a, 0x80, 0x05,
    0x62, 0xa5, 0x2a, 0xa1, 0xfe, 0x80, 0xf5, 0x01, 0x01, 0x01, 0x14, 0x80, 0x01, 0x42, 0xa5, 0x23,
    0xa1, 0xfe, 0x82, 0xf1, 0x04, 0x62, 0xa4, 0x23, 0xa0, 0x5b, 0x80, 0xf4, 0xb8, 0x01, 0x01, 0x01,
    0x12, 0x80, 0x00, 0x42, 0xa4, 0x0b, 0xa0, 0xfe, 0x82, 0xf0, 0x02, 0x42, 0xa6, 0x2a, 0xa2, 0xd3,
    0x80, 0xf2, 0x01, 0x01, 0x01, 0x0a, 0x80, 0x05, 0x62, 0xa5, 0x23, 0xa1, 0x5b, 0x80, 0xf5, 0x01,
    0x01, 0x12, 0x80, 0x01, 0x42, 0xa5, 0x2a, 0xa1, 0xd3, 0x82, 0xf1, 0x04, 0x62, 0xa4, 0x23, 0xa0,
    0xfe, 0x80, 0xf4, 0x01, 0x01, 0x01, 0x0a, 0x80, 0x02, 0x42, 0xa6, 0x2a, 0xa2, 0xfe, 0x80, 0xf2,
    0x01, 0x01, 0x0a, 0x80, 0x05, 0x62, 0xa5, 0x23, 0xa1, 0xfe, 0x80, 0xf5, 0x01, 0x01, 0x01, 0x12,
    0x80, 0x01, 0x42, 0xa5, 0x2a, 0xa1, 0xfe, 0x82, 0xf1, 0x04, 0x62, 0xa4, 0x2a, 0xa0, 0xd3, 0x80,
    0xf4, 0x01, 0x01, 0x0a, 0x80, 0x02, 0x42, 0xa6, 0x23, 0xa2, 0x5b, 0x80, 0xf2, 0x01, 0x01, 0x01,
    0x0a, 0x80, 0x05, 0x62, 0xa5, 0x2a, 0xa1, 0xd3, 0x80, 0xf5, 0x01, 0x01, 0x12, 0x80, 0x01, 0x42,
    0xa5, 0x23, 0xa1, 0x5b, 0x82, 0xf1, 0x04, 0x62, 0xa4, 0x2a, 0xa0, 0xfe, 0x80, 0xf4, 0x01, 0x01,
    0x0a, 0x80, 0x02, 0x42, 0xa6, 0x23, 0xa2, 0xfe, 0x80, 0xf2, 0x01, 0x01, 0x01, 0x12, 0x80, 0x00,
    0x42, 0xa4, 0x12, 0xa0, 0xaa, 0x82, 0xf0, 0x05, 0x62, 0xa5, 0x2a, 0xa1, 0xfe, 0x80, 0xf5, 0x01,
    0x01, 0x12, 0x80, 0x01, 0x42, 0xa5, 0x23, 0xa1, 0xfe, 0x82, 0xf1, 0x04, 0x62, 0xa4, 0x23, 0xa0,
    0x5b, 0x80, 0xf4, 0x01, 0x01, 0x01, 0x0a, 0x80, 0x02, 0x42, 0xa6, 0x2a, 0xa2, 0xd3, 0x80, 0xf2,
    0x01, 0x01, 0x0a, 0x80, 0x05, 0x62, 0xa5, 0x23, 0xa1, 0x5b, 0x80, 0xf5, 0x01, 0x01, 0x01, 0x12,
    0x80, 0x01, 0x42, 0xa5, 0x2a, 0xa1, 0xd3, 0x82, 0xf1, 0x04, 0x62, 0xa4, 0x23, 0xa0, 0xfe, 0x80,
    0xf4, 0x01, 0x01, 0x0a, 0x80, 0x02, 0x42, 0xa6, 0x2a, 0xa2, 0xfe, 0x80, 0xf2, 0x01, 0x01, 0x01,
    0x0a, 0x80, 0x05, 0x62, 0xa5, 0x23, 0xa1, 0xfe, 0x80, 0xf5, 0x01, 0x01, 0x12, 0x80, 0x01, 0x42,
    0xa5, 0x2a, 0xa1, 0xfe, 0x82, 0xf1, 0x04, 0x62, 0xa4, 0x2a, 0xa0, 0xd3, 0x80, 0xf4, 0x03, 0xb8,
    0x01, 0x01, 0x01, 0x12, 0x80, 0x00, 0x42, 0xa4, 0x12, 0xa0, 0x84, 0x82, 0xf0, 0x02, 0x42, 0xa6,
    0x23, 0xa2, 0x2b, 0x80, 0xf2, 0x01, 0x01, 0x0a, 0x80, 0x05, 0x62, 0xa5, 0x2a, 0xa1, 0xd3, 0x80,
    0xf5, 0x01, 0x01, 0x01, 0x12, 0x80, 0x01, 0x42, 0xa5, 0x23, 0xa1, 0x2b, 0x82, 0xf1, 0x04, 0x62,
    0xa4, 0x2a, 0xa0, 0xfe, 0x80, 0xf4, 0x01, 0x01, 0x0a, 0x80, 0x02, 0x42, 0xa6, 0x23, 0xa2, 0xc5,
    0x80, 0xf2, 0x01, 0x01, 0x0a, 0x80, 0x05, 0x62, 0xa5, 0x2a, 0xa1, 0xfe, 0x80, 0xf5, 0x01, 0x01,
    0x01, 0x14, 0x80, 0x01, 0x42, 0xa5, 0x23, 0xa1, 0xc5, 0x82, 0xf1, 0x04, 0x62, 0xa4, 0x23, 0xa0,
    0x2b, 0x80, 0xf4, 0xb8, 0x01, 0x01, 0x01, 0x0a, 0x80, 0x02, 0x42, 0xa6, 0x2a, 0xa2, 0xd3, 0x80,
    0xf2, 0x01, 0x01, 0x01, 0x0a, 0x80, 0x05, 0x62, 0xa5, 0x23, 0xa1, 0x2b, 0x80, 0xf5, 0x01, 0x01,
    0x12, 0x80, 0x01, 0x42, 0xa5, 0x2a, 0xa1, 0xd3, 0x82, 0xf1, 0x04, 0x62, 0xa4, 0x23, 0xa0, 0xc5,
    0x80, 0xf4, 0x01, 0x01, 0x01, 0x0a, 0x80, 0x02, 0x42, 0xa6, 0x2a, 0xa2, 0xfe, 0x80, 0xf2, 0x01,
    0x01, 0x0a, 0x80, 0x05, 0x62, 0xa5, 0x23, 0xa1, 0xc5, 0x80, 0xf5, 0x01, 0x01, 0x01, 0x12, 0x80,
    0x01, 0x42, 0xa5, 0x2a, 0xa1, 0xfe, 0x82, 0xf1, 0x04, 0x62, 0xa4, 0x2a, 0xa0, 0xd3, 0x80, 0xf4,
    0x01, 0x01, 0x12, 0x80, 0x00, 0x42, 0xa4, 0x0b, 0xa0, 0x2b, 0x82, 0xf0, 0x02, 0x42, 0xa6, 0x23,
    0xa2, 0x2b, 0x80, 0xf2, 0x01, 0x01, 0x01, 0x0a, 0x80, 0x05, 0x62, 0xa5, 0x2a, 0xa1, 0xd3, 0x80,
    0xf5, 0x01, 0x01, 0x12, 0x80, 0x01, 0x42, 0xa5, 0x23, 0xa1, 0x2b, 0x82, 0xf1, 0x04, 0x62, 0xa4,
    0x2a, 0xa0, 0xfe, 0x80, 0xf4, 0x01, 0x01, 0x01, 0x0a, 0x80, 0x02, 0x42, 0xa6, 0x23, 0xa2, 0xc5,
    0x80, 0xf2, 0x01, 0x01, 0x0a, 0x80, 0x05, 0x62, 0xa5, 0x2a, 0xa1, 0xfe, 0x80, 0xf5, 0x01, 0x01,
    0x12, 0x80, 0x01, 0x42, 0xa5, 0x23, 0xa1, 0xc5, 0x82, 0xf1, 0x04, 0x62, 0xa4, 0x23, 0xa0, 0x2b,
    0x80, 0xf4, 0x01, 0x01, 0x01, 0x0a, 0x80, 0x02, 0x42, 0xa6, 0x2a, 0xa2, 0xd3, 0x80, 0xf2, 0x01,
    0x01, 0x0a, 0x80, 0x05, 0x62, 0xa5, 0x23, 0xa1, 0x2b, 0x80, 0xf5, 0x01, 0x01, 0x01, 0x12, 0x80,
    0x01, 0x42, 0xa5, 0x2a, 0xa1, 0xd3, 0x82, 0xf1, 0x04, 0x62, 0xa4, 0x23, 0xa0, 0xc5, 0x80, 0xf4,
    0x01, 0x01, 0x0a, 0x80, 0x02, 0x42, 0xa6, 0x2a, 0xa2, 0xfe, 0x80, 0xf2, 0x01, 0x01, 0x01, 0x0a,
    0x80, 0x05, 0x62, 0xa5, 0x23, 0xa1, 0xc5, 0x80, 0xf5, 0x01, 0x01, 0x12, 0x80, 0x01, 0x42, 0xa5,
    0x2a, 0xa1, 0xfe, 0x82, 0xf1, 0x04, 0x62, 0xa4, 0x2a, 0xa0, 0xd3, 0x80, 0xf4, 0x03, 0xb8, 0x01,
    0x01, 0x01, 0x0a, 0x80, 0x02, 0x42, 0xa6, 0x23, 0xa2, 0x2b, 0x80, 0xf2, 0x01, 0x01, 0x0a, 0x80,
    0x05, 0x62, 0xa5, 0x2a, 0xa1, 0xd3, 0x80, 0xf5, 0x01, 0x01, 0x01, 0x12, 0x80, 0x01, 0x42, 0xa5,
    0x23, 0xa1, 0x2b, 0x82, 0xf1, 0x04, 0x62, 0xa4, 0x2a, 0xa0, 0xfe, 0x80, 0xf4, 0x01, 0x01, 0x0a,
    0x80, 0x02, 0x42, 0xa6, 0x23, 0xa2, 0xc5, 0x80, 0xf2, 0x01, 0x01, 0x01, 0x0a, 0x80, 0x05, 0x62,
    0xa5, 0x2a, 0xa1, 0xfe, 0x80, 0xf5, 0x01, 0x01, 0x14, 0x80, 0x01, 0x42, 0xa5, 0x23, 0xa1, 0xc5,
    0x82, 0xf1, 0x04, 0x62, 0xa4, 0x23, 0xa0, 0x2b, 0x80, 0xf4, 0xb8, 0x01, 0x01, 0x01, 0x0a, 0x80,
    0x02, 0x42, 0xa6, 0x2a, 0xa2, 0xd3, 0x80, 0xf2, 0x01, 0x01, 0x01, 0x0a, 0x80, 0x05, 0x62, 0xa5,
    0x23, 0xa1, 0x2b, 0x80, 0xf5, 0x01, 0x01, 0x12, 0x80, 0x01, 0x42, 0xa5, 0x2a, 0xa1, 0xd3, 0x82,
    0xf1, 0x04, 0x62, 0xa4, 0x23, 0xa0, 0xc5, 0x80, 0xf4, 0x01, 0x01, 0x01, 0x0a, 0x80, 0x02, 0x42,
    0xa6, 0x2a, 0xa2, 0xfe, 0x80, 0xf2, 0x01, 0x01, 0x0a, 0x80, 0x05, 0x62, 0xa5, 0x23, 0xa1, 0xc5,
    0x80, 0xf5, 0x01, 0x01, 0x01, 0x12, 0x80, 0x01, 0x42, 0xa5, 0x2a, 0xa1, 0xfe, 0x82, 0xf1, 0x04,
    0x62, 0xa4, 0x2a, 0xa0, 0xd3, 0x80, 0xf4, 0x01, 0x01, 0x0a, 0x80, 0x02, 0x42, 0xa6, 0x23, 0xa2,
    0x2b, 0x80, 0xf2, 0x01, 0x01, 0x01, 0x0a, 0x80, 0x05, 0x62, 0xa5, 0x2a, 0xa1, 0xd3, 0x80, 0xf5,
    0x01, 0x01, 0x12, 0x80, 0x01, 0x42, 0xa5, 0x23, 0xa1, 0x2b, 0x82, 0xf1, 0x04, 0x62, 0xa4, 0x2a,
    0xa0, 0xfe, 0x80, 0xf4, 0x01, 0x01, 0x01, 0x0a, 0x80, 0x02, 0x42, 0xa6, 0x23, 0xa2, 0xc5, 0x80,
    0xf2, 0x01, 0x01, 0x0a, 0x80, 0x05, 0x62, 0xa5, 0x2a, 0xa1, 0xfe, 0x80, 0xf5, 0x01, 0x01, 0x01,
    0x12, 0x80, 0x01, 0x42, 0xa5, 0x23, 0xa1, 0xc5, 0x82, 0xf1, 0x04, 0x62, 0xa4, 0x23, 0xa0, 0x2b,
    0x80, 0xf4, 0x01, 0x01, 0x0a, 0x80, 0x02, 0x42, 0xa6, 0x2a, 0xa2, 0xd3, 0x80, 0xf2, 0x01, 0x01,
    0x0a, 0x80, 0x05, 0x62, 0xa5, 0x23, 0xa1, 0x2b, 0x80, 0xf5, 0x01, 0x01, 0x01, 0x12, 0x80, 0x01,
    0x42, 0xa5, 0x2a, 0xa1, 0xd3, 0x82, 0xf1, 0x04, 0x62, 0xa4, 0x23, 0xa0, 0xc5, 0x80, 0xf4, 0x01,
    0x01, 0x0a, 0x80, 0x02, 0x42, 0xa6, 0x2a, 0xa2, 0xfe, 0x80, 0xf2, 0x01, 0x01, 0x01, 0x0a, 0x80,
    0x05, 0x62, 0xa5, 0x23, 0xa1, 0xc5, 0x80, 0xf5, 0x01, 0x01, 0x12, 0x80, 0x01, 0x42, 0xa5, 0x2a,
    0xa1, 0xfe, 0x82, 0xf1, 0x04, 0x62, 0xa4, 0x2a, 0xa0, 0xd3, 0x80, 0xf4, 0x03, 0xb8, 0x01, 0x01,
    0x01, 0x12, 0x80, 0x00, 0x42, 0xa4, 0x0a, 0xa0, 0xfe, 0x82, 0xf0, 0x02, 0x42, 0xa6, 0x22, 0xa2,
    0xfe, 0x80, 0xf2, 0x01, 0x01, 0x0a, 0x80, 0x05, 0x62, 0xa5, 0x2a, 0xa1, 0xd3, 0x80, 0xf5, 0x01,
    0x01, 0x01, 0x12, 0x80, 0x01, 0x42, 0xa5, 0x22, 0xa1, 0xfe, 0x82, 0xf1, 0x04, 0x62, 0xa4, 0x2a,
    0xa0, 0xfe, 0x80, 0xf4, 0x01, 0x01, 0x12, 0x80, 0x00, 0x42, 0xa4, 0x0a, 0xa0, 0xd3, 0x82, 0xf0,
    0x02, 0x42, 0xa6, 0x23, 0xa2, 0xc5, 0x80, 0xf2, 0x01, 0x01, 0x01, 0x0a, 0x80, 0x05, 0x62, 0xa5,
    0x2a, 0xa1, 0xfe, 0x80, 0xf5, 0x01, 0x01, 0x12, 0x80, 0x01, 0x42, 0xa5, 0x23, 0xa1, 0xc5, 0x82,
    0xf1, 0x04, 0x62, 0xa4, 0x22, 0xa0, 0xfe, 0x80, 0xf4, 0x03, 0xb8, 0x01, 0x01, 0x01, 0x12, 0x80,
    0x00, 0x42, 0xa4, 0x0a, 0xa0, 0xfe, 0x82, 0xf0, 0x02, 0x42, 0xa6, 0x2a, 0xa2, 0x84, 0x80, 0xf2,
    0x01, 0x01, 0x0a, 0x80, 0x05, 0x62, 0xa5, 0x22, 0xa1, 0xfe, 0x80, 0xf5, 0x01, 0x01, 0x12, 0x80,
    0x01, 0x42, 0xa5, 0x2a, 0xa1, 0x84, 0x82, 0xf1, 0x04, 0x62, 0xa4, 0x23, 0xa0, 0xc5, 0x80, 0xf4,
    0x01, 0x01, 0x01, 0x0a, 0x80, 0x02, 0x42, 0xa6, 0x2a, 0xa2, 0xd3, 0x80, 0xf2, 0x01, 0x01, 0x0a,
    0x80, 0x05, 0x62, 0xa5, 0x23, 0xa1, 0xc5, 0x80, 0xf5, 0x01, 0x01, 0x01, 0x12, 0x80, 0x01, 0x42,
    0xa5, 0x2a, 0xa1, 0xd3, 0x82, 0xf1, 0x04, 0x62, 0xa4, 0x2a, 0xa0, 0x84, 0x80, 0xf4, 0x01, 0x01,
    0x0a, 0x80, 0x02, 0x42, 0xa6, 0x22, 0xa2, 0xfe, 0x80, 0xf2, 0x01, 0x01, 0x01, 0x0a, 0x80, 0x05,
    0x62, 0xa5, 0x2a, 0xa1, 0x84, 0x80, 0xf5, 0x01, 0x01, 0x12, 0x80, 0x01, 0x42, 0xa5, 0x22, 0xa1,
    0xfe, 0x82, 0xf1, 0x04, 0x62, 0xa4, 0x2a, 0xa0, 0xd3, 0x80, 0xf4, 0x01, 0x01, 0x01, 0x0a, 0x80,
    0x02, 0x42, 0xa6, 0x23, 0xa2, 0xc5, 0x80, 0xf2, 0x01, 0x01, 0x0a, 0x80, 0x05, 0x62, 0xa5, 0x2a,
    0xa1, 0xd3, 0x80, 0xf5, 0x01, 0x01, 0x01, 0x12, 0x80, 0x01, 0x42, 0xa5, 0x23, 0xa1, 0xc5, 0x82,
    0xf1, 0x04, 0x62, 0xa4, 0x22, 0xa0, 0xfe, 0x80, 0xf4, 0x01, 0x01, 0x0a, 0x80, 0x02, 0x42, 0xa6,
    0x2a, 0xa2, 0x84, 0x80, 0xf2, 0x01, 0x01, 0x01, 0x0a, 0x80, 0x05, 0x62, 0xa5, 0x22, 0xa1, 0xfe,
    0x80, 0xf5, 0x01, 0x01, 0x12, 0x80, 0x01, 0x42, 0xa5, 0x2a, 0xa1, 0x84, 0x82, 0xf1, 0x04, 0x62,
    0xa4, 0x23, 0xa0, 0xc5, 0x80, 0xf4, 0x01, 0x01, 0x0a, 0x80, 0x02, 0x42, 0xa6, 0x2a, 0xa2, 0xd3,
    0x80, 0xf2, 0x01, 0x01, 0x01, 0x0a, 0x80, 0x05, 0x62, 0xa5, 0x23, 0xa1, 0xc5, 0x80, 0xf5, 0x01,
    0x01, 0x12, 0x80, 0x01, 0x42, 0xa5, 0x2a, 0xa1, 0xd3, 0x82, 0xf1, 0x04, 0x62, 0xa4, 0x2a, 0xa0,
    0x84, 0x80, 0xf4, 0x03, 0xb8, 0x01, 0x01, 0x01, 0x12, 0x80, 0x00, 0x42, 0xa4, 0x0b, 0xa0, 0xc5,
    0x82, 0xf0, 0x02, 0x42, 0xa6, 0x22, 0xa2, 0xfe, 0x80, 0xf2, 0x01, 0x01, 0x0a, 0x80, 0x05, 0x62,
    0xa5, 0x2a, 0xa1, 0x84, 0x80, 0xf5, 0x01, 0x01, 0x01, 0x12, 0x80, 0x01, 0x42, 0xa5, 0x22, 0xa1,
    0xfe, 0x82, 0xf1, 0x04, 0x62, 0xa4, 0x2a, 0xa0, 0xd3, 0x80, 0xf4, 0x01, 0x01, 0x0a, 0x80, 0x02,
    0x42, 0xa6, 0x23, 0xa2, 0xc5, 0x80, 0xf2, 0x01, 0x01, 0x01, 0x0a, 0x80, 0x05, 0x62, 0xa5, 0x2a,
    0xa1, 0xd3, 0x80, 0xf5, 0x01, 0x01, 0x12, 0x80, 0x01, 0x42, 0xa5, 0x23, 0xa1, 0xc5, 0x82, 0xf1,
    0x04, 0x62, 0xa4, 0x22, 0xa0, 0xfe, 0x80, 0xf4, 0x03, 0xb8, 0x01, 0x01, 0x01, 0x0a, 0x80, 0x02,
    0x42, 0xa6, 0x2a, 0xa2, 0x84, 0x80, 0xf2, 0x01, 0x01, 0x0a, 0x80, 0x05, 0x62, 0xa5, 0x22, 0xa1,
    0xfe, 0x80, 0xf5, 0x01, 0x01, 0x01, 0x1a, 0x80, 0x00, 0x42, 0xa4, 0x12, 0xa0, 0xfe, 0x82, 0xf0,
    0x01, 0x42, 0xa5, 0x2a, 0xa1, 0x84, 0x82, 0xf1, 0x04, 0x62, 0xa4, 0x23, 0xa0, 0xc5, 0x80, 0xf4,
    0x01, 0x01, 0x0a, 0x80, 0x02, 0x42, 0xa6, 0x2a, 0xa2, 0xd3, 0x80, 0xf2, 0x01, 0x01, 0x0a, 0x80,
    0x05, 0x62, 0xa5, 0x23, 0xa1, 0xc5, 0x80, 0xf5, 0x01, 0x01, 0x01, 0x12, 0x80, 0x01, 0x42, 0xa5,
    0x2a, 0xa1, 0xd3, 0x82, 0xf1, 0x04, 0x62, 0xa4, 0x2a, 0xa0, 0x84, 0x80, 0xf4, 0x01, 0x01, 0x0a,
    0x80, 0x02, 0x42, 0xa6, 0x22, 0xa2, 0xfe, 0x80, 0xf2, 0x01, 0x01, 0x01, 0x0a, 0x80, 0x05, 0x62,
    0xa5, 0x2a, 0xa1, 0x84, 0x80, 0xf5, 0x01, 0x01, 0x12, 0x80, 0x01, 0x42, 0xa5, 0x22, 0xa1, 0xfe,
    0x82, 0xf1, 0x04, 0x62, 0xa4, 0x2a, 0xa0, 0xd3, 0x80, 0xf4, 0x01, 0x01, 0x01, 0x0a, 0x80, 0x02,
    0x42, 0xa6, 0x23, 0xa2, 0xc5, 0x80, 0xf2, 0x01, 0x01, 0x12, 0x80, 0x00, 0x42, 0xa4, 0x12, 0xa0,
    0xd3, 0x82, 0xf0, 0x05, 0x62, 0xa5, 0x2a, 0xa1, 0xd3, 0x80, 0xf5, 0x01, 0x01, 0x01, 0x12, 0x80,
    0x01, 0x42, 0xa5, 0x23, 0xa1, 0xc5, 0x82, 0xf1, 0x04, 0x62, 0xa4, 0x22, 0xa0, 0xfe, 0x80, 0xf4,
    0x01, 0x01, 0x0a, 0x80, 0x02, 0x42, 0xa6, 0x2a, 0xa2, 0x84, 0x80, 0xf2, 0x01, 0x01, 0x01, 0x0a,
    0x80, 0x05, 0x62, 0xa5, 0x22, 0xa1, 0xfe, 0x80, 0xf5, 0x01, 0x01, 0x12, 0x80, 0x01, 0x42, 0xa5,
    0x2a, 0xa1, 0x84, 0x82, 0xf1, 0x04, 0x62, 0xa4, 0x23, 0xa0, 0xc5, 0x80, 0xf4, 0x01, 0x01, 0x01,
    0x0a, 0x80, 0x02, 0x42, 0xa6, 0x2a, 0xa2, 0xd3, 0x80, 0xf2, 0x01, 0x01, 0x0a, 0x80, 0x05, 0x62,
    0xa5, 0x23, 0xa1, 0xc5, 0x80, 0xf5, 0x01, 0x01, 0x12, 0x80, 0x01, 0x42, 0xa5, 0x2a, 0xa1, 0xd3,
    0x82, 0xf1, 0x04, 0x62, 0xa4, 0x2a, 0xa0, 0x84, 0x80, 0xf4, 0x03, 0xb8, 0x01, 0x01, 0x01, 0x12,
    0x80, 0x00, 0x42, 0xa4, 0x0a, 0xa0, 0xd3, 0x82, 0xf0, 0x02, 0x42, 0xa6, 0x22, 0xa2, 0xd3, 0x80,
    0xf2, 0x01, 0x01, 0x0a, 0x80, 0x05, 0x62, 0xa5, 0x2a, 0xa1, 0x84, 0x80, 0xf5, 0x01, 0x01, 0x01,
    0x12, 0x80, 0x01, 0x42, 0xa5, 0x22, 0xa1, 0xd3, 0x82, 0xf1, 0x04, 0x62, 0xa4, 0x2a, 0xa0, 0xd3,
    0x80, 0xf4, 0x01, 0x01, 0x12, 0x80, 0x00, 0x42, 0xa4, 0x0a, 0xa0, 0xaa, 0x82, 0xf0, 0x02, 0x42,
    0xa6, 0x23, 0xa2, 0xc5, 0x80, 0xf2, 0x01, 0x01, 0x01, 0x0a, 0x80, 0x05, 0x62, 0xa5, 0x2a, 0xa1,
    0xd3, 0x80, 0xf5, 0x01, 0x01, 0x12, 0x80, 0x01, 0x42, 0xa5, 0x23, 0xa1, 0xc5, 0x82, 0xf1, 0x04,
    0x62, 0xa4, 0x22, 0xa0, 0xd3, 0x80, 0xf4, 0x03, 0xb8, 0x01, 0x01, 0x01, 0x12, 0x80, 0x00, 0x42,
    0xa4, 0x0a, 0xa0, 0xd3, 0x82, 0xf0, 0x02, 0x42, 0xa6, 0x2a, 0xa2, 0x84, 0x80, 0xf2, 0x01, 0x01,
    0x0a, 0x80, 0x05, 0x62, 0xa5, 0x22, 0xa1, 0xd3, 0x80, 0xf5, 0x01, 0x01, 0x01, 0x12, 0x80, 0x01,
    0x42, 0xa5, 0x2a, 0xa1, 0x84, 0x82, 0xf1, 0x04, 0x62, 0xa4, 0x23, 0xa0, 0xc5, 0x80, 0xf4, 0x01,
    0x01, 0x0a, 0x80, 0x02, 0x42, 0xa6, 0x2a, 0xa2, 0xd3, 0x80, 0xf2, 0x01, 0x01, 0x01, 0x0a, 0x80,
    0x05, 0x62, 0xa5, 0x23, 0xa1, 0xc5, 0x80, 0xf5, 0x01, 0x01, 0x12, 0x80, 0x01, 0x42, 0xa5, 0x2a,
    0xa1, 0xd3, 0x82, 0xf1, 0x04, 0x62, 0xa4, 0x2a, 0xa0, 0x84, 0x80, 0xf4, 0x01, 0x01, 0x0a, 0x80,
    0x02, 0x42, 0xa6, 0x22, 0xa2, 0xd3, 0x80, 0xf2, 0x01, 0x01, 0x01, 0x0a, 0x80, 0x05, 0x62, 0xa5,
    0x2a, 0xa1, 0x84, 0x80, 0xf5, 0x01, 0x01, 0x12, 0x80, 0x01, 0x42, 0xa5, 0x22, 0xa1, 0xd3, 0x82,
    0xf1, 0x04, 0x62, 0xa4, 0x2a, 0xa0, 0xd3, 0x80, 0xf4, 0x01, 0x01, 0x01, 0x0a, 0x80, 0x02, 0x42,
    0xa6, 0x23, 0xa2, 0xc5, 0x80, 0xf2, 0x01, 0x01, 0x0a, 0x80, 0x05, 0x62, 0xa5, 0x2a, 0xa1, 0xd3,
    0x80, 0xf5, 0x01, 0x01, 0x01, 0x12, 0x80, 0x01, 0x42, 0xa5, 0x23, 0xa1, 0xc5, 0x82, 0xf1, 0x04,
    0x62, 0xa4, 0x22, 0xa0, 0xd3, 0x80, 0xf4, 0x01, 0x01, 0x0a, 0x80, 0x02, 0x42, 0xa6, 0x2a, 0xa2,
    0x84, 0x80, 0xf2, 0x01, 0x01, 0x01, 0x0a, 0x80, 0x05, 0x62, 0xa5, 0x22, 0xa1, 0xd3, 0x80, 0xf5,
    0x01, 0x01, 0x12, 0x80, 0x01, 0x42, 0xa5, 0x2a, 0xa1, 0x84, 0x82, 0xf1, 0x04, 0x62, 0xa4, 0x23,
    0xa0, 0xc5, 0x80, 0xf4, 0x01, 0x01, 0x01, 0x0a, 0x80, 0x02, 0x42, 0xa6, 0x2a, 0xa2, 0xd3, 0x80,
    0xf2, 0x01, 0x01, 0x0a, 0x80, 0x05, 0x62, 0xa5, 0x23, 0xa1, 0xc5, 0x80, 0xf5, 0x01, 0x01, 0x01,
    0x14, 0x80, 0x01, 0x42, 0xa5, 0x2a, 0xa1, 0xd3, 0x82, 0xf1, 0x04, 0x62, 0xa4, 0x2a, 0xa0, 0x84,
    0x80, 0xf4, 0xb8, 0x01, 0x01, 0x01, 0x12, 0x80, 0x00, 0x42, 0xa4, 0x0b, 0xa0, 0xc5, 0x82, 0xf0,
    0x02, 0x42, 0xa6, 0x22, 0xa2, 0xd3, 0x80, 0xf2, 0x01, 0x01, 0x0a, 0x80, 0x05, 0x62, 0xa5, 0x2a,
    0xa1, 0x84, 0x80, 0xf5, 0x01, 0x01, 0x01, 0x12, 0x80, 0x01, 0x42, 0xa5, 0x22, 0xa1, 0xd3, 0x82,
    0xf1, 0x04, 0x62, 0xa4, 0x2a, 0xa0, 0xd3, 0x80, 0xf4, 0x01, 0x01, 0x0a, 0x80, 0x02, 0x42, 0xa6,
    0x23, 0xa2, 0xc5, 0x80, 0xf2, 0x01, 0x01, 0x01, 0x0a, 0x80, 0x05, 0x62, 0xa5, 0x2a, 0xa1, 0xd3,
    0x80, 0xf5, 0x01, 0x01, 0x12, 0x80, 0x01, 0x42, 0xa5, 0x23, 0xa1, 0xc5, 0x82, 0xf1, 0x04, 0x62,
    0xa4, 0x22, 0xa0, 0xd3, 0x80, 0xf4, 0x03, 0xb8, 0x01, 0x01, 0x01, 0x0a, 0x80, 0x02, 0x42, 0xa6,
    0x2a, 0xa2, 0x84, 0x80, 0xf2, 0x01, 0x01, 0x0a, 0x80, 0x05, 0x62, 0xa5, 0x22, 0xa1, 0xd3, 0x80,
    0xf5, 0x01, 0x01, 0x01, 0x1a, 0x80, 0x00, 0x42, 0xa4, 0x12, 0xa0, 0xd3, 0x82, 0xf0, 0x01, 0x42,
    0xa5, 0x2a, 0xa1, 0x84, 0x82, 0xf1, 0x04, 0x62, 0xa4, 0x23, 0xa0, 0xc5, 0x80, 0xf4, 0x01, 0x01,
    0x0a, 0x80, 0x02, 0x42, 0xa6, 0x2a, 0xa2, 0xd3, 0x80, 0xf2, 0x01, 0x01, 0x01, 0x0a, 0x80, 0x05,
    0x62, 0xa5, 0x23, 0xa1, 0xc5, 0x80, 0xf5, 0x01, 0x01, 0x12, 0x80, 0x01, 0x42, 0xa5, 0x2a, 0xa1,
    0xd3, 0x82, 0xf1, 0x04, 0x62, 0xa4, 0x2a, 0xa0, 0x84, 0x80, 0xf4, 0x01, 0x01, 0x01, 0x0a, 0x80,
    0x02, 0x42, 0xa6, 0x22, 0xa2, 0xd3, 0x80, 0xf2, 0x01, 0x01, 0x0a, 0x80, 0x05, 0x62, 0xa5, 0x2a,
    0xa1, 0x84, 0x80, 0xf5, 0x01, 0x01, 0x12, 0x80, 0x01, 0x42, 0xa5, 0x22, 0xa1, 0xd3, 0x82, 0xf1,
    0x04, 0x62, 0xa4, 0x2a, 0xa0, 0xd3, 0x80, 0xf4, 0x01, 0x01, 0x01, 0x0a, 0x80, 0x02, 0x42, 0xa6,
    0x23, 0xa2, 0xc5, 0x80, 0xf2, 0x01, 0x01, 0x12, 0x80, 0x00, 0x42, 0xa4, 0x12, 0xa0, 0xaa, 0x82,
    0xf0, 0x05, 0x62, 0xa5, 0x2a, 0xa1, 0xd3, 0x80, 0xf5, 0x01, 0x01, 0x01, 0x12, 0x80, 0x01, 0x42,
    0xa5, 0x23, 0xa1, 0xc5, 0x82, 0xf1, 0x04, 0x62, 0xa4, 0x22, 0xa0, 0xd3, 0x80, 0xf4, 0x01, 0x01,
    0x0a, 0x80, 0x02, 0x42, 0xa6, 0x2a, 0xa2, 0x84, 0x80, 0xf2, 0x01, 0x01, 0x01, 0x0a, 0x80, 0x05,
    0x62, 0xa5, 0x22, 0xa1, 0xd3, 0x80, 0xf5, 0x01, 0x01, 0x12, 0x80, 0x01, 0x42, 0xa5, 0x2a, 0xa1,
    0x84, 0x82, 0xf1, 0x04, 0x62, 0xa4, 0x23, 0xa0, 0xc5, 0x80, 0xf4, 0x01, 0x01, 0x01, 0x0a, 0x80,
    0x02, 0x42, 0xa6, 0x2a, 0xa2, 0xd3, 0x80, 0xf2, 0x01, 0x01, 0x0a, 0x80, 0x05, 0x62, 0xa5, 0x23,
    0xa1, 0xc5, 0x80, 0xf5, 0x01, 0x01, 0x01, 0x14, 0x80, 0x01, 0x42, 0xa5, 0x2a, 0xa1, 0xd3, 0x82,
    0xf1, 0x04, 0x62, 0xa4, 0x2a, 0xa0, 0x84, 0x80, 0xf4, 0xb8, 0x01, 0x01, 0x01, 0x12, 0x80, 0x00,
    0x42, 0xa4, 0x0a, 0xa0, 0xd3, 0x82, 0xf0, 0x02, 0x42, 0xa6, 0x22, 0xa2, 0x84, 0x80, 0xf2, 0x01,
    0x01, 0x0a, 0x80, 0x05, 0x62, 0xa5, 0x2a, 0xa1, 0x84, 0x80, 0xf5, 0x01, 0x01, 0x01, 0x12, 0x80,
    0x01, 0x42, 0xa5, 0x22, 0xa1, 0x84, 0x82, 0xf1, 0x04, 0x62, 0xa4, 0x2a, 0xa0, 0xd3, 0x80, 0xf4,
    0x01, 0x01, 0x12, 0x80, 0x00, 0x42, 0xa4, 0x0b, 0xa0, 0x8e, 0x82, 0xf0, 0x02, 0x42, 0xa6, 0x23,
    0xa2, 0x8e, 0x80, 0xf2, 0x01, 0x01, 0x01, 0x0a, 0x80, 0x05, 0x62, 0xa5, 0x2a, 0xa1, 0xd3, 0x80,
    0xf5, 0x01, 0x01, 0x12, 0x80, 0x01, 0x42, 0xa5, 0x23, 0xa1, 0x8e, 0x82, 0xf1, 0x04, 0x62, 0xa4,
    0x22, 0xa0, 0x84, 0x80, 0xf4, 0x03, 0xb8, 0x01, 0x01, 0x01, 0x12, 0x80, 0x00, 0x42, 0xa4, 0x0c,
    0xa0, 0x3b, 0x82, 0xf0, 0x02, 0x42, 0xa6, 0x24, 0xa2, 0x3b, 0x80, 0xf2, 0x01, 0x01, 0x0a, 0x80,
    0x05, 0x62, 0xa5, 0x22, 0xa1, 0x84, 0x80, 0xf5, 0x01, 0x01, 0x01, 0x14, 0x80, 0x01, 0x42, 0xa5,
    0x24, 0xa1, 0x3b, 0x82, 0xf1, 0x04, 0x62, 0xa4, 0x23, 0xa0, 0x8e, 0x80, 0xf4, 0xb8, 0x01, 0x01,
    0x01, 0x12, 0x80, 0x00, 0x42, 0xa4, 0x0b, 0xa0, 0x8e, 0x82, 0xf0, 0x02, 0x42, 0xa6, 0x2a, 0xa2,
    0x84, 0x80, 0xf2, 0x01, 0x01, 0x01, 0x0a, 0x80, 0x05, 0x62, 0xa5, 0x23, 0xa1, 0x8e, 0x80, 0xf5,
    0x01, 0x01, 0x12, 0x80, 0x01, 0x42, 0xa5, 0x2a, 0xa1, 0x84, 0x82, 0xf1, 0x04, 0x62, 0xa4, 0x24,
    0xa0, 0x3b, 0x80, 0xf4, 0x03, 0xb8, 0x01, 0x01, 0x01, 0x12, 0x80, 0x00, 0x42, 0xa4, 0x0c, 0xa0,
    0x3b, 0x82, 0xf0, 0x02, 0x42, 0xa6, 0x23, 0xa2, 0x8e, 0x80, 0xf2, 0x01, 0x01, 0x0a, 0x80, 0x05,
    0x62, 0xa5, 0x24, 0xa1, 0x3b, 0x80, 0xf5, 0x01, 0x01, 0x12, 0x80, 0x01, 0x42, 0xa5, 0x23, 0xa1,
    0x8e, 0x82, 0xf1, 0x04, 0x62, 0xa4, 0x2a, 0xa0, 0x84, 0x80, 0xf4, 0x01, 0x01, 0x01, 0x12, 0x80,
    0x00, 0x42, 0xa4, 0x12, 0xa0, 0x84, 0x82, 0xf0, 0x02, 0x42, 0xa6, 0x24, 0xa2, 0x3b, 0x80, 0xf2,
    0x01, 0x01, 0x0a, 0x80, 0x05, 0x62, 0xa5, 0x2a, 0xa1, 0x84, 0x80, 0xf5, 0x01, 0x01, 0x01, 0x14,
    0x80, 0x01, 0x42, 0xa5, 0x24, 0xa1, 0x3b, 0x82, 0xf1, 0x04, 0x62, 0xa4, 0x23, 0xa0, 0x8e, 0x80,
    0xf4, 0xb8, 0x01, 0x01, 0x01, 0x12, 0x80, 0x00, 0x42, 0xa4, 0x0c, 0xa0, 0x3b, 0x82, 0xf0, 0x02,
    0x42, 0xa6, 0x2a, 0xa2, 0x84, 0x80, 0xf2, 0x01, 0x01, 0x01, 0x0a, 0x80, 0x05, 0x62, 0xa5, 0x23,
    0xa1, 0x8e, 0x80, 0xf5, 0x01, 0x01, 0x12, 0x80, 0x01, 0x42, 0xa5, 0x2a, 0xa1, 0x84, 0x82, 0xf1,
    0x04, 0x62, 0xa4, 0x24, 0xa0, 0x3b, 0x80, 0xf4, 0x03, 0xb8, 0x01, 0x01, 0x01, 0x12, 0x80, 0x00,
    0x42, 0xa4, 0x12, 0xa0, 0x84, 0x82, 0xf0, 0x02, 0x42, 0xa6, 0x2a, 0xa2, 0xfe, 0x80, 0xf2, 0x01,
    0x01, 0x0a, 0x80, 0x05, 0x62, 0xa5, 0x24, 0xa1, 0x3b, 0x80, 0xf5, 0x01, 0x01, 0x01, 0x14, 0x80,
    0x01, 0x42, 0xa5, 0x2a, 0xa1, 0xfe, 0x82, 0xf1, 0x04, 0x62, 0xa4, 0x2a, 0xa0, 0x84, 0x80, 0xf4,
    0xb8, 0x01, 0x01, 0x01, 0x12, 0x80, 0x00, 0x42, 0xa4, 0x12, 0xa0, 0xfe, 0x82, 0xf0, 0x02, 0x42,
    0xa6, 0x24, 0xa2, 0x3b, 0x80, 0xf2, 0x01, 0x01, 0x01, 0x0a, 0x80, 0x05, 0x62, 0xa5, 0x2a, 0xa1,
    0x84, 0x80, 0xf5, 0x01, 0x01, 0x12, 0x80, 0x01, 0x42, 0xa5, 0x24, 0xa1, 0x3b, 0x82, 0xf1, 0x04,
    0x62, 0xa4, 0x2a, 0xa0, 0xfe, 0x80, 0xf4, 0x01, 0x01, 0x12, 0x80, 0x00, 0x42, 0xa4, 0x12, 0xa0,
    0x84, 0x82, 0xf0, 0x02, 0x42, 0xa6, 0x2a, 0xa2, 0x84, 0x80, 0xf2, 0x01, 0x01, 0x01, 0x0a, 0x80,
    0x05, 0x62, 0xa5, 0x2a, 0xa1, 0xfe, 0x80, 0xf5, 0x01, 0x01, 0x12, 0x80, 0x01, 0x42, 0xa5, 0x2a,
    0xa1, 0x84, 0x82, 0xf1, 0x04, 0x62, 0xa4, 0x24, 0xa0, 0x3b, 0x80, 0xf4, 0x03, 0xb8, 0x01, 0x01,
    0x01, 0x12, 0x80, 0x00, 0x42, 0xa4, 0x12, 0xa0, 0xfe, 0x82, 0xf0, 0x02, 0x42, 0xa6, 0x2a, 0xa2,
    0xfe, 0x80, 0xf2, 0x01, 0x01, 0x0a, 0x80, 0x05, 0x62, 0xa5, 0x24, 0xa1, 0x3b, 0x80, 0xf5, 0x01,
    0x01, 0x01, 0x12, 0x80, 0x01, 0x42, 0xa5, 0x2a, 0xa1, 0xfe, 0x82, 0xf1, 0x04, 0x62, 0xa4, 0x2a,
    0xa0, 0x84, 0x80, 0xf4, 0x01, 0x01, 0x12, 0x80, 0x00, 0x42, 0xa4, 0x13, 0xa0, 0x8e, 0x82, 0xf0,
    0x02, 0x42, 0xa6, 0x2a, 0xa2, 0x84, 0x80, 0xf2, 0x01, 0x01, 0x01, 0x0a, 0x80, 0x05, 0x62, 0xa5,
    0x2a, 0xa1, 0x84, 0x80, 0xf5, 0x01, 0x01, 0x12, 0x80, 0x01, 0x42, 0xa5, 0x2a, 0xa1, 0x84, 0x82,
    0xf1, 0x04, 0x62, 0xa4, 0x2a, 0xa0, 0xfe, 0x80, 0xf4, 0x03, 0xb8, 0x01, 0x01, 0x01, 0x12, 0x80,
    0x00, 0x42, 0xa4, 0x14, 0xa0, 0x3b, 0x82, 0xf0, 0x02, 0x42, 0xa6, 0x2a, 0xa2, 0xfe, 0x80, 0xf2,
    0x01, 0x01, 0x0a, 0x80, 0x05, 0x62, 0xa5, 0x2a, 0xa1, 0xfe, 0x80, 0xf5, 0x01, 0x01, 0x01, 0x12,
    0x80, 0x01, 0x42, 0xa5, 0x2a, 0xa1, 0xfe, 0x82, 0xf1, 0x04, 0x62, 0xa4, 0x2a, 0xa0, 0x84, 0x80,
    0xf4, 0x01, 0x01, 0x12, 0x80, 0x00, 0x42, 0xa4, 0x13, 0xa0, 0x8e, 0x82, 0xf0, 0x02, 0x42, 0xa6,
    0x2b, 0xa2, 0x8e, 0x80, 0xf2, 0x01, 0x01, 0x0a, 0x80, 0x05, 0x62, 0xa5, 0x2a, 0xa1, 0x84, 0x80,
    0xf5, 0x01, 0x01, 0x01, 0x14, 0x80, 0x01, 0x42, 0xa5, 0x2b, 0xa1, 0x8e, 0x82, 0xf1, 0x04, 0x62,
    0xa4, 0x2a, 0xa0, 0xfe, 0x80, 0xf4, 0xb8, 0x01, 0x01, 0x01, 0x12, 0x80, 0x00, 0x42, 0xa4, 0x12,
    0xa0, 0xfe, 0x82, 0xf0, 0x02, 0x42, 0xa6, 0x2a, 0xa2, 0xfe, 0x80, 0xf2, 0x01, 0x01, 0x01, 0x0a,
    0x80, 0x05, 0x62, 0xa5, 0x2a, 0xa1, 0xfe, 0x80, 0xf5, 0x01, 0x01, 0x12, 0x80, 0x01, 0x42, 0xa5,
    0x2a, 0xa1, 0xfe, 0x82, 0xf1, 0x04, 0x62, 0xa4, 0x2b, 0xa0, 0x8e, 0x80, 0xf4, 0x01, 0x01, 0x01,
    0x12, 0x80, 0x00, 0x42, 0xa4, 0x12, 0xa0, 0x84, 0x82, 0xf0, 0x02, 0x42, 0xa6, 0x2b, 0xa2, 0x8e,
    0x80, 0xf2, 0x01, 0x01, 0x0a, 0x80, 0x05, 0x62, 0xa5, 0x2b, 0xa1, 0x8e, 0x80, 0xf5, 0x01, 0x01,
    0x01, 0x14, 0x80, 0x01, 0x42, 0xa5, 0x2b, 0xa1, 0x8e, 0x82, 0xf1, 0x04, 0x62, 0xa4, 0x2a, 0xa0,
    0xfe, 0x80, 0xf4, 0xb8, 0x01, 0x01, 0x01, 0x12, 0x80, 0x00, 0x42, 0xa4, 0x12, 0xa0, 0xfe, 0x82,
    0xf0, 0x02, 0x42, 0xa6, 0x2c, 0xa2, 0x3b, 0x80, 0xf2, 0x01, 0x01, 0x01, 0x0a, 0x80, 0x05, 0x62,
    0xa5, 0x2a, 0xa1, 0xfe, 0x80, 0xf5, 0x01, 0x01, 0x12, 0x80, 0x01, 0x42, 0xa5, 0x2c, 0xa1, 0x3b,
    0x82, 0xf1, 0x04, 0x62, 0xa4, 0x2b, 0xa0, 0x8e, 0x80, 0xf4, 0x03, 0xb8, 0x01, 0x01, 0x01, 0x12,
    0x80, 0x00, 0x42, 0xa4, 0x12, 0xa0, 0x84, 0x82, 0xf0, 0x02, 0x42, 0xa6, 0x2b, 0xa2, 0x8e, 0x80,
    0xf2, 0x01, 0x01, 0x0a, 0x80, 0x05, 0x62, 0xa5, 0x2b, 0xa1, 0x8e, 0x80, 0xf5, 0x01, 0x01, 0x12,
    0x80, 0x01, 0x42, 0xa5, 0x2b, 0xa1, 0x8e, 0x82, 0xf1, 0x04, 0x62, 0xa4, 0x2c, 0xa0, 0x3b, 0x80,
    0xf4, 0x03, 0xb8, 0x02, 0x01, 0x01, 0x12, 0x80, 0x00, 0x42, 0xa4, 0x0c, 0xa0, 0x3b, 0x82, 0xf0,
    0x02, 0x42, 0xa6, 0x2c, 0xa2, 0x3b, 0x80, 0xf2, 0x01, 0x01, 0x0a, 0x80, 0x05, 0x62, 0xa5, 0x2c,
    0xa1, 0x3b, 0x80, 0xf5, 0x01, 0x01, 0x01, 0x12, 0x80, 0x01, 0x42, 0xa5, 0x2c, 0xa1, 0x3b, 0x82,
    0xf1, 0x04, 0x62, 0xa4, 0x2b, 0xa0, 0x8e, 0x80, 0xf4, 0x01, 0x01, 0x12, 0x80, 0x00, 0x42, 0xa4,
    0x0b, 0xa0, 0x8e, 0x82, 0xf0, 0x02, 0x42, 0xa6, 0x32, 0xa2, 0x84, 0x80, 0xf2, 0x01, 0x01, 0x01,
    0x0a, 0x80, 0x05, 0x62, 0xa5, 0x2b, 0xa1, 0x8e, 0x80, 0xf5, 0x01, 0x01, 0x12, 0x80, 0x01, 0x42,
    0xa5, 0x32, 0xa1, 0x84, 0x82, 0xf1, 0x04, 0x62, 0xa4, 0x2c, 0xa0, 0x3b, 0x80, 0xf4, 0x03, 0xb8,
    0x01, 0x01, 0x01, 0x16, 0x30, 0x93, 0x20, 0x88, 0x80, 0x00, 0x42, 0xa4, 0x0b, 0xa0, 0xc5, 0x82,
    0xf0, 0x02, 0x42, 0xa6, 0x23, 0xa2, 0xc5, 0x80, 0xf2, 0x01, 0x01, 0x0a, 0x80, 0x05, 0x62, 0xa5,
    0x2c, 0xa1, 0x3b, 0x80, 0xf5, 0x01, 0x01, 0x01, 0x15, 0x22, 0xa9, 0xb4, 0x80, 0x01, 0x42, 0xa5,
    0x23, 0xa1, 0xc5, 0x82, 0xf1, 0x04, 0x62, 0xa4, 0x32, 0xa0, 0x84, 0x80, 0xf4, 0x01, 0x01, 0x0a,
    0x80, 0x02, 0x42, 0xa6, 0x24, 0xa2, 0x7b, 0x80, 0xf2, 0x01, 0x01, 0x01, 0x0a, 0x80, 0x05, 0x62,
    0xa5, 0x32, 0xa1, 0x84, 0x80, 0xf5, 0x01, 0x01, 0x1b, 0x80, 0x01, 0x42, 0xa5, 0x24, 0xa1, 0x7b,
    0x82, 0xf1, 0x04, 0x62, 0xa4, 0x23, 0xa0, 0xc5, 0x80, 0xf4, 0x64, 0x44, 0x24, 0x48, 0x24, 0x4c,
    0x19, 0xb8, 0x01, 0x01, 0x01, 0x0a, 0x80, 0x02, 0x42, 0xa6, 0x2a, 0xa2, 0xd3, 0x80, 0xf2, 0x01,
    0x01, 0x01, 0x11, 0x80, 0x05, 0x62, 0xa5, 0x23, 0xa1, 0xc5, 0x80, 0xf5, 0x64, 0x45, 0x26, 0x49,
    0x26, 0x4d, 0x1b, 0x01, 0x01, 0x12, 0x80, 0x01, 0x42, 0xa5, 0x2a, 0xa1, 0xd3, 0x82, 0xf1, 0x04,
    0x62, 0xa4, 0x24, 0xa0, 0x7b, 0x80, 0xf4, 0x01, 0x01, 0x01, 0x0a, 0x80, 0x02, 0x42, 0xa6, 0x2a,
    0xa2, 0xfe, 0x80, 0xf2, 0x01, 0x01, 0x0a, 0x80, 0x05, 0x62, 0xa5, 0x24, 0xa1, 0x7b, 0x80, 0xf5,
    0x01, 0x01, 0x01, 0x14, 0x80, 0x01, 0x42, 0xa5, 0x2a, 0xa1, 0xfe, 0x82, 0xf1, 0x04, 0x62, 0xa4,
    0x2a, 0xa0, 0xd3, 0x80, 0xf4, 0xb8, 0x01, 0x01, 0x01, 0x0a, 0x80, 0x02, 0x42, 0xa6, 0x23, 0xa2,
    0xc5, 0x80, 0xf2, 0x01, 0x01, 0x01, 0x0a, 0x80, 0x05, 0x62, 0xa5, 0x2a, 0xa1, 0xd3, 0x80, 0xf5,
    0x01, 0x01, 0x12, 0x80, 0x01, 0x42, 0xa5, 0x23, 0xa1, 0xc5, 0x82, 0xf1, 0x04, 0x62, 0xa4, 0x2a,
    0xa0, 0xfe, 0x80, 0xf4, 0x01, 0x01, 0x01, 0x0a, 0x80, 0x02, 0x42, 0xa6, 0x24, 0xa2, 0x7b, 0x80,
    0xf2, 0x01, 0x01, 0x0a, 0x80, 0x05, 0x62, 0xa5, 0x2a, 0xa1, 0xfe, 0x80, 0xf5, 0x01, 0x01, 0x01,
    0x12, 0x80, 0x01, 0x42, 0xa5, 0x24, 0xa1, 0x7b, 0x82, 0xf1, 0x04, 0x62, 0xa4, 0x23, 0xa0, 0xc5,
    0x80, 0xf4, 0x01, 0x01, 0x0a, 0x80, 0x02, 0x42, 0xa6, 0x2a, 0xa2, 0xd3, 0x80, 0xf2, 0x01, 0x01,
    0x0a, 0x80, 0x05, 0x62, 0xa5, 0x23, 0xa1, 0xc5, 0x80, 0xf5, 0x01, 0x01, 0x01, 0x12, 0x80, 0x01,
    0x42, 0xa5, 0x2a, 0xa1, 0xd3, 0x82, 0xf1, 0x04, 0x62, 0xa4, 0x24, 0xa0, 0x7b, 0x80, 0xf4, 0x01,
    0x01, 0x0a, 0x80, 0x02, 0x42, 0xa6, 0x2a, 0xa2, 0xfe, 0x80, 0xf2, 0x01, 0x01, 0x01, 0x0a, 0x80,
    0x05, 0x62, 0xa5, 0x24, 0xa1, 0x7b, 0x80, 0xf5, 0x01, 0x01, 0x12, 0x80, 0x01, 0x42, 0xa5, 0x2a,
    0xa1, 0xfe, 0x82, 0xf1, 0x04, 0x62, 0xa4, 0x2a, 0xa0, 0xd3, 0x80, 0xf4, 0x03, 0xb8, 0x01, 0x01,
    0x01, 0x15, 0x22, 0x8e, 0x1d, 0x80, 0x00, 0x42, 0xa4, 0x0c, 0xa0, 0x7b, 0x82, 0xf0, 0x02, 0x42,
    0xa6, 0x23, 0xa2, 0xc5, 0x80, 0xf2, 0x01, 0x01, 0x0a, 0x80, 0x05, 0x62, 0xa5, 0x2a, 0xa1, 0xd3,
    0x80, 0xf5, 0x01, 0x01, 0x01, 0x15, 0x22, 0xaf, 0x1d, 0x80, 0x01, 0x42, 0xa5, 0x23, 0xa1, 0xc5,
    0x82, 0xf1, 0x04, 0x62, 0xa4, 0x2a, 0xa0, 0xfe, 0x80, 0xf4, 0x01, 0x01, 0x0a, 0x80, 0x02, 0x42,
    0xa6, 0x24, 0xa2, 0x7b, 0x80, 0xf2, 0x01, 0x01, 0x01, 0x0a, 0x80, 0x05, 0x62, 0xa5, 0x2a, 0xa1,
    0xfe, 0x80, 0xf5, 0x01, 0x01, 0x19, 0x80, 0x01, 0x42, 0xa5, 0x24, 0xa1, 0x7b, 0x82, 0xf1, 0x04,
    0x62, 0xa4, 0x23, 0xa0, 0xc5, 0x80, 0xf4, 0x64, 0x44, 0x22, 0x48, 0x22, 0x4c, 0x16, 0x03, 0xb8,
    0x01, 0x01, 0x01, 0x0a, 0x80, 0x02, 0x42, 0xa6, 0x2a, 0xa2, 0xd3, 0x80, 0xf2, 0x01, 0x01, 0x04,
    0x82, 0x05, 0xf5, 0x01, 0x01, 0x12, 0x80, 0x01, 0x42, 0xa5, 0x2a, 0xa1, 0xd3, 0x82, 0xf1, 0x04,
    0x62, 0xa4, 0x24, 0xa0, 0x7b, 0x80, 0xf4, 0x01, 0x01, 0x01, 0x0a, 0x80, 0x02, 0x42, 0xa6, 0x2a,
    0xa2, 0xfe, 0x80, 0xf2, 0x01, 0x01, 0x11, 0x80, 0x05, 0x62, 0xa5, 0x23, 0xa1, 0xc5, 0x80, 0xf5,
    0x64, 0x45, 0x22, 0x49, 0x22, 0x4d, 0x16, 0x01, 0x01, 0x01, 0x14, 0x80, 0x01, 0x42, 0xa5, 0x2a,
    0xa1, 0xfe, 0x82, 0xf1, 0x04, 0x62, 0xa4, 0x2a, 0xa0, 0xd3, 0x80, 0xf4, 0xb8, 0x01, 0x01, 0x01,
    0x15, 0x22, 0x8b, 0x17, 0x80, 0x00, 0x42, 0xa4, 0x12, 0xa0, 0xd3, 0x82, 0xf0, 0x02, 0x42, 0xa6,
    0x23, 0xa2, 0xc5, 0x80, 0xf2, 0x01, 0x01, 0x01, 0x0a, 0x80, 0x05, 0x62, 0xa5, 0x24, 0xa1, 0x7b,
    0x80, 0xf5, 0x01, 0x01, 0x15, 0x22, 0xac, 0x17, 0x80, 0x01, 0x42, 0xa5, 0x23, 0xa1, 0xc5, 0x82,
    0xf1, 0x04, 0x62, 0xa4, 0x2a, 0xa0, 0xfe, 0x80, 0xf4, 0x01, 0x01, 0x01, 0x0a, 0x80, 0x02, 0x42,
    0xa6, 0x24, 0xa2, 0x7b, 0x80, 0xf2, 0x01, 0x01, 0x0a, 0x80, 0x05, 0x62, 0xa5, 0x2a, 0xa1, 0xd3,
    0x80, 0xf5, 0x01, 0x01, 0x01, 0x14, 0x80, 0x01, 0x42, 0xa5, 0x24, 0xa1, 0x7b, 0x82, 0xf1, 0x04,
    0x62, 0xa4, 0x23, 0xa0, 0xc5, 0x80, 0xf4, 0xb8, 0x01, 0x01, 0x01, 0x0a, 0x80, 0x02, 0x42, 0xa6,
    0x2a, 0xa2, 0xd3, 0x80, 0xf2, 0x01, 0x01, 0x01, 0x0a, 0x80, 0x05, 0x62, 0xa5, 0x2a, 0xa1, 0xfe,
    0x80, 0xf5, 0x01, 0x01, 0x14, 0x80, 0x01, 0x42, 0xa5, 0x2a, 0xa1, 0xd3, 0x82, 0xf1, 0x04, 0x62,
    0xa4, 0x24, 0xa0, 0x7b, 0x80, 0xf4, 0xb8, 0x01, 0x01, 0x01, 0x0a, 0x80, 0x02, 0x42, 0xa6, 0x2a,
    0xa2, 0xfe, 0x80, 0xf2, 0x01, 0x01, 0x01, 0x0a, 0x80, 0x05, 0x62, 0xa5, 0x23, 0xa1, 0xc5, 0x80,
    0xf5, 0x01, 0x01, 0x12, 0x80, 0x01, 0x42, 0xa5, 0x2a, 0xa1, 0xfe, 0x82, 0xf1, 0x04, 0x62, 0xa4,
    0x2a, 0xa0, 0xd3, 0x80, 0xf4, 0x03, 0xb8, 0x01, 0x01, 0x01, 0x15, 0x22, 0x82, 0x19, 0x80, 0x00,
    0x42, 0xa4, 0x12, 0xa0, 0xaa, 0x82, 0xf0, 0x02, 0x42, 0xa6, 0x23, 0xa2, 0x8e, 0x80, 0xf2, 0x01,
    0x01, 0x0a, 0x80, 0x05, 0x62, 0xa5, 0x24, 0xa1, 0x7b, 0x80, 0xf5, 0x01, 0x01, 0x01, 0x15, 0x22,
    0xa3, 0x19, 0x80, 0x01, 0x42, 0xa5, 0x23, 0xa1, 0x8e, 0x82, 0xf1, 0x04, 0x62, 0xa4, 0x2a, 0xa0,
    0xfe, 0x80, 0xf4, 0x01, 0x01, 0x0a, 0x80, 0x02, 0x42, 0xa6, 0x24, 0xa2, 0x3b, 0x80, 0xf2, 0x01,
    0x01, 0x01, 0x0a, 0x80, 0x05, 0x62, 0xa5, 0x2a, 0xa1, 0xfe, 0x80, 0xf5, 0x01, 0x01, 0x12, 0x80,
    0x01, 0x42, 0xa5, 0x24, 0xa1, 0x3b, 0x82, 0xf1, 0x04, 0x62, 0xa4, 0x23, 0xa0, 0x8e, 0x80, 0xf4,
    0x03, 0xb8, 0x01, 0x01, 0x01, 0x0a, 0x80, 0x02, 0x42, 0xa6, 0x2a, 0xa2, 0xd3, 0x80, 0xf2, 0x01,
    0x01, 0x0a, 0x80, 0x05, 0x62, 0xa5, 0x23, 0xa1, 0x8e, 0x80, 0xf5, 0x01, 0x01, 0x01, 0x12, 0x80,
    0x01, 0x42, 0xa5, 0x2a, 0xa1, 0xd3, 0x82, 0xf1, 0x04, 0x62, 0xa4, 0x24, 0xa0, 0x3b, 0x80, 0xf4,
    0x01, 0x01, 0x0a, 0x80, 0x02, 0x42, 0xa6, 0x2a, 0xa2, 0xfe, 0x80, 0xf2, 0x01, 0x01, 0x0a, 0x80,
    0x05, 0x62, 0xa5, 0x24, 0xa1, 0x3b, 0x80, 0xf5, 0x01, 0x01, 0x01, 0x14, 0x80, 0x01, 0x42, 0xa5,
    0x2a, 0xa1, 0xfe, 0x82, 0xf1, 0x04, 0x62, 0xa4, 0x2a, 0xa0, 0xd3, 0x80, 0xf4, 0xb8, 0x01, 0x01,
    0x01, 0x15, 0x22, 0x8a, 0x25, 0x80, 0x00, 0x42, 0xa4, 0x0b, 0xa0, 0x8e, 0x82, 0xf0, 0x02, 0x42,
    0xa6, 0x23, 0xa2, 0x8e, 0x80, 0xf2, 0x01, 0x01, 0x01, 0x0a, 0x80, 0x05, 0x62, 0xa5, 0x2a, 0xa1,
    0xd3, 0x80, 0xf5, 0x01, 0x01, 0x15, 0x22, 0xab, 0x25, 0x80, 0x01, 0x42, 0xa5, 0x23, 0xa1, 0x8e,
    0x82, 0xf1, 0x04, 0x62, 0xa4, 0x2a, 0xa0, 0xfe, 0x80, 0xf4, 0x01, 0x01, 0x01, 0x0a, 0x80, 0x02,
    0x42, 0xa6, 0x24, 0xa2, 0x3b, 0x80, 0xf2, 0x01, 0x01, 0x0a, 0x80, 0x05, 0x62, 0xa5, 0x2a, 0xa1,
    0xfe, 0x80, 0xf5, 0x01, 0x01, 0x01, 0x12, 0x80, 0x01, 0x42, 0xa5, 0x24, 0xa1, 0x3b, 0x82, 0xf1,
    0x04, 0x62, 0xa4, 0x23, 0xa0, 0x8e, 0x80, 0xf4, 0x01, 0x01, 0x0a, 0x80, 0x02, 0x42, 0xa6, 0x2a,
    0xa2, 0xd3, 0x80, 0xf2, 0x01, 0x01, 0x01, 0x0a, 0x80, 0x05, 0x62, 0xa5, 0x23, 0xa1, 0x8e, 0x80,
    0xf5, 0x01, 0x01, 0x12, 0x80, 0x01, 0x42, 0xa5, 0x2a, 0xa1, 0xd3, 0x82, 0xf1, 0x04, 0x62, 0xa4,
    0x24, 0xa0, 0x3b, 0x80, 0xf4, 0x01, 0x01, 0x01, 0x0a, 0x80, 0x02, 0x42, 0xa6, 0x2a, 0xa2, 0xfe,
    0x80, 0xf2, 0x01, 0x01, 0x0a, 0x80, 0x05, 0x62, 0xa5, 0x24, 0xa1, 0x3b, 0x80, 0xf5, 0x01, 0x01,
    0x12, 0x80, 0x01, 0x42, 0xa5, 0x2a, 0xa1, 0xfe, 0x82, 0xf1, 0x04, 0x62, 0xa4, 0x2a, 0xa0, 0xd3,
    0x80, 0xf4, 0x03, 0xb8, 0x01, 0x01, 0x01, 0x0f, 0x30, 0xd3, 0x22, 0xc6, 0x0d, 0x80, 0x02, 0x42,
    0xa6, 0x23, 0xa2, 0x8e, 0x80, 0xf2, 0x01, 0x01, 0x0a, 0x80, 0x05, 0x62, 0xa5, 0x2a, 0xa1, 0xd3,
    0x80, 0xf5, 0x01, 0x01, 0x01, 0x12, 0x80, 0x01, 0x42, 0xa5, 0x23, 0xa1, 0x8e, 0x82, 0xf1, 0x04,
    0x62, 0xa4, 0x2a, 0xa0, 0xfe, 0x80, 0xf4, 0x01, 0x01, 0x0d, 0x22, 0xce, 0x0f, 0x80, 0x02, 0x42,
    0xa6, 0x24, 0xa2, 0x3b, 0x80, 0xf2, 0x01, 0x01, 0x01, 0x0a, 0x80, 0x05, 0x62, 0xa5, 0x2a, 0xa1,
    0xfe, 0x80, 0xf5, 0x01, 0x01, 0x12, 0x80, 0x01, 0x42, 0xa5, 0x24, 0xa1, 0x3b, 0x82, 0xf1, 0x04,
    0x62, 0xa4, 0x23, 0xa0, 0x8e, 0x80, 0xf4, 0x03, 0xb8, 0x01, 0x01, 0x01, 0x0d, 0x22, 0xce, 0x12,
    0x80, 0x02, 0x42, 0xa6, 0x2a, 0xa2, 0xd3, 0x80, 0xf2, 0x01, 0x01, 0x0a, 0x80, 0x05, 0x62, 0xa5,
    0x23, 0xa1, 0x8e, 0x80, 0xf5, 0x01, 0x01, 0x01, 0x12, 0x80, 0x01, 0x42, 0xa5, 0x2a, 0xa1, 0xd3,
    0x82, 0xf1, 0x04, 0x62, 0xa4, 0x24, 0xa0, 0x3b, 0x80, 0xf4, 0x01, 0x01, 0x0d, 0x22, 0xc8, 0x16,
    0x80, 0x02, 0x42, 0xa6, 0x2a, 0xa2, 0xfe, 0x80, 0xf2, 0x01, 0x01, 0x01, 0x0a, 0x80, 0x05, 0x62,
    0xa5, 0x24, 0xa1, 0x3b, 0x80, 0xf5, 0x01, 0x01, 0x14, 0x80, 0x01, 0x42, 0xa5, 0x2a, 0xa1, 0xfe,
    0x82, 0xf1, 0x04, 0x62, 0xa4, 0x2a, 0xa0, 0xd3, 0x80, 0xf4, 0xb8, 0x01, 0x01, 0x01, 0x0d, 0x22,
    0xcd, 0x17, 0x80, 0x02, 0x42, 0xa6, 0x23, 0xa2, 0x8e, 0x80, 0xf2, 0x01, 0x01, 0x01, 0x0a, 0x80,
    0x05, 0x62, 0xa5, 0x2a, 0xa1, 0xd3, 0x80, 0xf5, 0x01, 0x01, 0x12, 0x80, 0x01, 0x42, 0xa5, 0x23,
    0xa1, 0x8e, 0x82, 0xf1, 0x04, 0x62, 0xa4, 0x2a, 0xa0, 0xfe, 0x80, 0xf4, 0x01, 0x01, 0x01, 0x0a,
    0x80, 0x02, 0x42, 0xa6, 0x24, 0xa2, 0x3b, 0x80, 0xf2, 0x01, 0x01, 0x0c, 0x20, 0xd4, 0x80, 0x05,
    0x62, 0xa5, 0x2a, 0xa1, 0xfe, 0x80, 0xf5, 0x01, 0x01, 0x01, 0x14, 0x80, 0x01, 0x42, 0xa5, 0x24,
    0xa1, 0x3b, 0x82, 0xf1, 0x04, 0x62, 0xa4, 0x23, 0xa0, 0x8e, 0x80, 0xf4, 0xb8, 0x01, 0x01, 0x01,
    0x0c, 0x30, 0xd5, 0x80, 0x02, 0x42, 0xa6, 0x2a, 0xa2, 0xd3, 0x80, 0xf2, 0x01, 0x01, 0x01, 0x0a,
    0x80, 0x05, 0x62, 0xa5, 0x23, 0xa1, 0x8e, 0x80, 0xf5, 0x01, 0x01, 0x14, 0x20, 0xd6, 0x80, 0x01,
    0x42, 0xa5, 0x2a, 0xa1, 0xd3, 0x82, 0xf1, 0x04, 0x62, 0xa4, 0x24, 0xa0, 0x3b, 0x80, 0xf4, 0x03,
    0xb8, 0x01, 0x01, 0x01, 0x0a, 0x80, 0x02, 0x42, 0xa6, 0x2a, 0xa2, 0xfe, 0x80, 0xf2, 0x01, 0x01,
    0x0c, 0x30, 0xd7, 0x80, 0x05, 0x62, 0xa5, 0x24, 0xa1, 0x3b, 0x80, 0xf5, 0x01, 0x01, 0x01, 0x14,
    0x80, 0x01, 0x42, 0xa5, 0x2a, 0xa1, 0xfe, 0x82, 0xf1, 0x04, 0x62, 0xa4, 0x2a, 0xa0, 0xd3, 0x80,
    0xf4, 0xb8, 0x01, 0x01, 0x01, 0x16, 0x24, 0x8e, 0x27, 0xd8, 0x80, 0x00, 0x42, 0xa4, 0x0b, 0xa0,
    0x5b, 0x82, 0xf0, 0x02, 0x42, 0xa6, 0x23, 0xa2, 0x5b, 0x80, 0xf2, 0x01, 0x01, 0x0a, 0x80, 0x05,
    0x62, 0xa5, 0x2a, 0xa1, 0xd3, 0x80, 0xf5, 0x01, 0x01, 0x01, 0x17, 0x30, 0xd9, 0x22, 0xaf, 0x27,
    0x80, 0x01, 0x42, 0xa5, 0x23, 0xa1, 0x5b, 0x82, 0xf1, 0x04, 0x62, 0xa4, 0x2a, 0xa0, 0xfe, 0x80,
    0xf4, 0x01, 0x01, 0x0a, 0x80, 0x02, 0x42, 0xa6, 0x23, 0xa2, 0xfe, 0x80, 0xf2, 0x01, 0x01, 0x01,
    0x0c, 0x20, 0xda, 0x80, 0x05, 0x62, 0xa5, 0x2a, 0xa1, 0xfe, 0x80, 0xf5, 0x01, 0x01, 0x12, 0x80,
    0x01, 0x42, 0xa5, 0x23, 0xa1, 0xfe, 0x82, 0xf1, 0x04, 0x62, 0xa4, 0x23, 0xa0, 0x5b, 0x80, 0xf4,
    0x03, 0xb8, 0x01, 0x01, 0x01, 0x0c, 0x30, 0xdb, 0x80, 0x02, 0x42, 0xa6, 0x2a, 0xa2, 0xd3, 0x80,
    0xf2, 0x01, 0x01, 0x0a, 0x80, 0x05, 0x62, 0xa5, 0x23, 0xa1, 0x5b, 0x80, 0xf5, 0x01, 0x01, 0x01,
    0x14, 0x20, 0xdc, 0x80, 0x01, 0x42, 0xa5, 0x2a, 0xa1, 0xd3, 0x82, 0xf1, 0x04, 0x62, 0xa4, 0x23,
    0xa0, 0xfe, 0x80, 0xf4, 0x01, 0x01, 0x0a, 0x80, 0x02, 0x42, 0xa6, 0x2a, 0xa2, 0xfe, 0x80, 0xf2,
    0x01, 0x01, 0x01, 0x0c, 0x30, 0xdd, 0x80, 0x05, 0x62, 0xa5, 0x23, 0xa1, 0xfe, 0x80, 0xf5, 0x01,
    0x01, 0x12, 0x80, 0x01, 0x42, 0xa5, 0x2a, 0xa1, 0xfe, 0x82, 0xf1, 0x04, 0x62, 0xa4, 0x2a, 0xa0,
    0xd3, 0x80, 0xf4, 0x03, 0xb8, 0x01, 0x01, 0x01, 0x0c, 0x20, 0xde, 0x80, 0x02, 0x42, 0xa6, 0x23,
    0xa2, 0x5b, 0x80, 0xf2, 0x01, 0x01, 0x0a, 0x80, 0x05, 0x62, 0xa5, 0x2a, 0xa1, 0xd3, 0x80, 0xf5,
    0x01, 0x01, 0x14, 0x30, 0xdf, 0x80, 0x01, 0x42, 0xa5, 0x23, 0xa1, 0x5b, 0x82, 0xf1, 0x04, 0x62,
    0xa4, 0x2a, 0xa0, 0xfe, 0x80, 0xf4, 0x01, 0x01, 0x01, 0x0a, 0x80, 0x02, 0x42, 0xa6, 0x23, 0xa2,
    0xfe, 0x80, 0xf2, 0x01, 0x01, 0x0a, 0x80, 0x05, 0x62, 0xa5, 0x2a, 0xa1, 0xfe, 0x80, 0xf5, 0x01,
    0x01, 0x01, 0x12, 0x80, 0x01, 0x42, 0xa5, 0x23, 0xa1, 0xfe, 0x82, 0xf1, 0x04, 0x62, 0xa4, 0x23,
    0xa0, 0x5b, 0x80, 0xf4, 0x01, 0x01, 0x0a, 0x80, 0x02, 0x42, 0xa6, 0x2a, 0xa2, 0xd3, 0x80, 0xf2,
    0x01, 0x01, 0x01, 0x0a, 0x80, 0x05, 0x62, 0xa5, 0x23, 0xa1, 0x5b, 0x80, 0xf5, 0x01, 0x01, 0x12,
    0x80, 0x01, 0x42, 0xa5, 0x2a, 0xa1, 0xd3, 0x82, 0xf1, 0x04, 0x62, 0xa4, 0x23, 0xa0, 0xfe, 0x80,
    0xf4, 0x01, 0x01, 0x01, 0x0a, 0x80, 0x02, 0x42, 0xa6, 0x2a, 0xa2, 0xfe, 0x80, 0xf2, 0x01, 0x01,
    0x0a, 0x80, 0x05, 0x62, 0xa5, 0x23, 0xa1, 0xfe, 0x80, 0xf5, 0x01, 0x01, 0x01, 0x14, 0x80, 0x01,
    0x42, 0xa5, 0x2a, 0xa1, 0xfe, 0x82, 0xf1, 0x04, 0x62, 0xa4, 0x2a, 0xa0, 0xd3, 0x80, 0xf4, 0xb8,
    0x01, 0x01, 0x01, 0x0a, 0x80, 0x02, 0x42, 0xa6, 0x23, 0xa2, 0x5b, 0x80, 0xf2, 0x01, 0x01, 0x01,
    0x0a, 0x80, 0x05, 0x62, 0xa5, 0x2a, 0xa1, 0xd3, 0x80, 0xf5, 0x01, 0x01, 0x12, 0x80, 0x01, 0x42,
    0xa5, 0x23, 0xa1, 0x5b, 0x82, 0xf1, 0x04, 0x62, 0xa4, 0x2a, 0xa0, 0xfe, 0x80, 0xf4, 0x01, 0x01,
    0x0a, 0x80, 0x02, 0x42, 0xa6, 0x23, 0xa2, 0xfe, 0x80, 0xf2, 0x01, 0x01, 0x01, 0x0a, 0x80, 0x05,
    0x62, 0xa5, 0x2a, 0xa1, 0xfe, 0x80, 0xf5, 0x01, 0x01, 0x12, 0x80, 0x01, 0x42, 0xa5, 0x23, 0xa1,
    0xfe, 0x82, 0xf1, 0x04, 0x62, 0xa4, 0x23, 0xa0, 0x5b, 0x80, 0xf4, 0x03, 0xb8, 0x01, 0x01, 0x01,
    0x15, 0x22, 0x88, 0x21, 0x80, 0x00, 0x42, 0xa4, 0x0b, 0xa0, 0xfe, 0x82, 0xf0, 0x02, 0x42, 0xa6,
    0x2a, 0xa2, 0xd3, 0x80, 0xf2, 0x01, 0x01, 0x0a, 0x80, 0x05, 0x62, 0xa5, 0x23, 0xa1, 0x5b, 0x80,
    0xf5, 0x01, 0x01, 0x01, 0x15, 0x22, 0xa9, 0x21, 0x80, 0x01, 0x42, 0xa5, 0x2a, 0xa1, 0xd3, 0x82,
    0xf1, 0x04, 0x62, 0xa4, 0x23, 0xa0, 0xfe, 0x80, 0xf4, 0x01, 0x01, 0x0a, 0x80, 0x02, 0x42, 0xa6,
    0x2a, 0xa2, 0xfe, 0x80, 0xf2, 0x01, 0x01, 0x01, 0x0a, 0x80, 0x05, 0x62, 0xa5, 0x23, 0xa1, 0xfe,
    0x80, 0xf5, 0x01, 0x01, 0x12, 0x80, 0x01, 0x42, 0xa5, 0x2a, 0xa1, 0xfe, 0x82, 0xf1, 0x04, 0x62,
    0xa4, 0x2a, 0xa0, 0xd3, 0x80, 0xf4, 0x03, 0xb8, 0x01, 0x01, 0x01, 0x0a, 0x80, 0x02, 0x42, 0xa6,
    0x23, 0xa2, 0x5b, 0x80, 0xf2, 0x01, 0x01, 0x0a, 0x80, 0x05, 0x62, 0xa5, 0x2a, 0xa1, 0xd3, 0x80,
    0xf5, 0x01, 0x01, 0x01, 0x12, 0x80, 0x01, 0x42, 0xa5, 0x23, 0xa1, 0x5b, 0x82, 0xf1, 0x04, 0x62,
    0xa4, 0x2a, 0xa0, 0xfe, 0x80, 0xf4, 0x01, 0x01, 0x0a, 0x80, 0x02, 0x42, 0xa6, 0x23, 0xa2, 0xfe,
    0x80, 0xf2, 0x01, 0x01, 0x15, 0x22, 0x82, 0x19, 0x80, 0x00, 0x42, 0xa4, 0x12, 0xa0, 0xaa, 0x82,
    0xf0, 0x05, 0x62, 0xa5, 0x2a, 0xa1, 0xfe, 0x80, 0xf5, 0x01, 0x01, 0x01, 0x14, 0x80, 0x01, 0x42,
    0xa5, 0x23, 0xa1, 0xfe, 0x82, 0xf1, 0x04, 0x62, 0xa4, 0x23, 0xa0, 0x5b, 0x80, 0xf4, 0xb8, 0x01,
    0x01, 0x01, 0x0d, 0x22, 0xa3, 0x19, 0x80, 0x02, 0x42, 0xa6, 0x2a, 0xa2, 0xd3, 0x80, 0xf2, 0x01,
    0x01, 0x01, 0x0a, 0x80, 0x05, 0x62, 0xa5, 0x23, 0xa1, 0x5b, 0x80, 0xf5, 0x01, 0x01, 0x12, 0x80,
    0x01, 0x42, 0xa5, 0x2a, 0xa1, 0xd3, 0x82, 0xf1, 0x04, 0x62, 0xa4, 0x23, 0xa0, 0xfe, 0x80, 0xf4,
    0x03, 0xb8, 0x01, 0x01, 0x01, 0x0a, 0x80, 0x02, 0x42, 0xa6, 0x2a, 0xa2, 0xfe, 0x80, 0xf2, 0x01,
    0x01, 0x0a, 0x80, 0x05, 0x62, 0xa5, 0x23, 0xa1, 0xfe, 0x80, 0xf5, 0x01, 0x01, 0x01, 0x14, 0x80,
    0x01, 0x42, 0xa5, 0x2a, 0xa1, 0xfe, 0x82, 0xf1, 0x04, 0x62, 0xa4, 0x2a, 0xa0, 0xd3, 0x80, 0xf4,
    0xb8, 0x01, 0x01, 0x01, 0x15, 0x22, 0x8a, 0x1a, 0x80, 0x00, 0x42, 0xa4, 0x12, 0xa0, 0x84, 0x82,
    0xf0, 0x02, 0x42, 0xa6, 0x23, 0xa2, 0x2b, 0x80, 0xf2, 0x01, 0x01, 0x01, 0x0a, 0x80, 0x05, 0x62,
    0xa5, 0x2a, 0xa1, 0xd3, 0x80, 0xf5, 0x01, 0x01, 0x15, 0x22, 0xab, 0x1a, 0x80, 0x01, 0x42, 0xa5,
    0x23, 0xa1, 0x2b, 0x82, 0xf1, 0x04, 0x62, 0xa4, 0x2a, 0xa0, 0xfe, 0x80, 0xf4, 0x01, 0x01, 0x01,
    0x0a, 0x80, 0x02, 0x42, 0xa6, 0x23, 0xa2, 0xc5, 0x80, 0xf2, 0x01, 0x01, 0x0a, 0x80, 0x05, 0x62,
    0xa5, 0x2a, 0xa1, 0xfe, 0x80, 0xf5, 0x01, 0x01, 0x12, 0x80, 0x01, 0x42, 0xa5, 0x23, 0xa1, 0xc5,
    0x82, 0xf1, 0x04, 0x62, 0xa4, 0x23, 0xa0, 0x2b, 0x80, 0xf4, 0x03, 0xb8, 0x01, 0x01, 0x01, 0x0a,
    0x80, 0x02, 0x42, 0xa6, 0x2a, 0xa2, 0xd3, 0x80, 0xf2, 0x01, 0x01, 0x0a, 0x80, 0x05, 0x62, 0xa5,
    0x23, 0xa1, 0x2b, 0x80, 0xf5, 0x01, 0x01, 0x01, 0x12, 0x80, 0x01, 0x42, 0xa5, 0x2a, 0xa1, 0xd3,
    0x82, 0xf1, 0x04, 0x62, 0xa4, 0x23, 0xa0, 0xc5, 0x80, 0xf4, 0x01, 0x01, 0x0a, 0x80, 0x02, 0x42,
    0xa6, 0x2a, 0xa2, 0xfe, 0x80, 0xf2, 0x01, 0x01, 0x01, 0x0a, 0x80, 0x05, 0x62, 0xa5, 0x23, 0xa1,
    0xc5, 0x80, 0xf5, 0x01, 0x01, 0x12, 0x80, 0x01, 0x42, 0xa5, 0x2a, 0xa1, 0xfe, 0x82, 0xf1, 0x04,
    0x62, 0xa4, 0x2a, 0xa0, 0xd3, 0x80, 0xf4, 0x03, 0xb8, 0x01, 0x01, 0x01, 0x15, 0x22, 0x84, 0x2a,
    0x80, 0x00, 0x42, 0xa4, 0x0b, 0xa0, 0x2b, 0x82, 0xf0, 0x02, 0x42, 0xa6, 0x23, 0xa2, 0x2b, 0x80,
    0xf2, 0x01, 0x01, 0x0a, 0x80, 0x05, 0x62, 0xa5, 0x2a, 0xa1, 0xd3, 0x80, 0xf5, 0x01, 0x01, 0x01,
    0x15, 0x22, 0xa5, 0x2a, 0x80, 0x01, 0x42, 0xa5, 0x23, 0xa1, 0x2b, 0x82, 0xf1, 0x04, 0x62, 0xa4,
    0x2a, 0xa0, 0xfe, 0x80, 0xf4, 0x01, 0x01, 0x0a, 0x80, 0x02, 0x42, 0xa6, 0x23, 0xa2, 0xc5, 0x80,
    0xf2, 0x01, 0x01, 0x01, 0x0a, 0x80, 0x05, 0x62, 0xa5, 0x2a, 0xa1, 0xfe, 0x80, 0xf5, 0x01, 0x01,
    0x12, 0x80, 0x01, 0x42, 0xa5, 0x23, 0xa1, 0xc5, 0x82, 0xf1, 0x04, 0x62, 0xa4, 0x23, 0xa0, 0x2b,
    0x80, 0xf4, 0x01, 0x01, 0x0a, 0x80, 0x02, 0x42, 0xa6, 0x2a, 0xa2, 0xd3, 0x80, 0xf2, 0x01, 0x01,
    0x01, 0x0a, 0x80, 0x05, 0x62, 0xa5, 0x23, 0xa1, 0x2b, 0x80, 0xf5, 0x01, 0x01, 0x12, 0x80, 0x01,
    0x42, 0xa5, 0x2a, 0xa1, 0xd3, 0x82, 0xf1, 0x04, 0x62, 0xa4, 0x23, 0xa0, 0xc5, 0x80, 0xf4, 0x01,
    0x01, 0x01, 0x0a, 0x80, 0x02, 0x42, 0xa6, 0x2a, 0xa2, 0xfe, 0x80, 0xf2, 0x01, 0x01, 0x0a, 0x80,
    0x05, 0x62, 0xa5, 0x23, 0xa1, 0xc5, 0x80, 0xf5, 0x01, 0x01, 0x01, 0x14, 0x80, 0x01, 0x42, 0xa5,
    0x2a, 0xa1, 0xfe, 0x82, 0xf1, 0x04, 0x62, 0xa4, 0x2a, 0xa0, 0xd3, 0x80, 0xf4, 0xb8, 0x01, 0x01,
    0x01, 0x0f, 0x30, 0xd3, 0x22, 0xcc, 0x1a, 0x80, 0x02, 0x42, 0xa6, 0x23, 0xa2, 0x2b, 0x80, 0xf2,
    0x01, 0x01, 0x01, 0x0a, 0x80, 0x05, 0x62, 0xa5, 0x2a, 0xa1, 0xd3, 0x80, 0xf5, 0x01, 0x01, 0x12,
    0x80, 0x01, 0x42, 0xa5, 0x23, 0xa1, 0x2b, 0x82, 0xf1, 0x04, 0x62, 0xa4, 0x2a, 0xa0, 0xfe, 0x80,
    0xf4, 0x01, 0x01, 0x01, 0x0a, 0x80, 0x02, 0x42, 0xa6, 0x23, 0xa2, 0xc5, 0x80, 0xf2, 0x01, 0x01,
    0x0a, 0x80, 0x05, 0x62, 0xa5, 0x2a, 0xa1, 0xfe, 0x80, 0xf5, 0x01, 0x01, 0x01, 0x14, 0x80, 0x01,
    0x42, 0xa5, 0x23, 0xa1, 0xc5, 0x82, 0xf1, 0x04, 0x62, 0xa4, 0x23, 0xa0, 0x2b, 0x80, 0xf4, 0xb8,
    0x01, 0x01, 0x01, 0x0a, 0x80, 0x02, 0x42, 0xa6, 0x2a, 0xa2, 0xd3, 0x80, 0xf2, 0x01, 0x01, 0x0a,
    0x80, 0x05, 0x62, 0xa5, 0x23, 0xa1, 0x2b, 0x80, 0xf5, 0x01, 0x01, 0x01, 0x12, 0x80, 0x01, 0x42,
    0xa5, 0x2a, 0xa1, 0xd3, 0x82, 0xf1, 0x04, 0x62, 0xa4, 0x23, 0xa0, 0xc5, 0x80, 0xf4, 0x01, 0x01,
    0x0d, 0x22, 0xcd, 0x17, 0x80, 0x02, 0x42, 0xa6, 0x2a, 0xa2, 0xfe, 0x80, 0xf2, 0x01, 0x01, 0x01,
    0x0a, 0x80, 0x05, 0x62, 0xa5, 0x23, 0xa1, 0xc5, 0x80, 0xf5, 0x01, 0x01, 0x12, 0x80, 0x01, 0x42,
    0xa5, 0x2a, 0xa1, 0xfe, 0x82, 0xf1, 0x04, 0x62, 0xa4, 0x2a, 0xa0, 0xd3, 0x80, 0xf4, 0x03, 0xb8,
    0x01, 0x01, 0x01, 0x0a, 0x80, 0x02, 0x42, 0xa6, 0x23, 0xa2, 0x2b, 0x80, 0xf2, 0x01, 0x01, 0x0a,
    0x80, 0x05, 0x62, 0xa5, 0x2a, 0xa1, 0xd3, 0x80, 0xf5, 0x01, 0x01, 0x01, 0x12, 0x80, 0x01, 0x42,
    0xa5, 0x23, 0xa1, 0x2b, 0x82, 0xf1, 0x04, 0x62, 0xa4, 0x2a, 0xa0, 0xfe, 0x80, 0xf4, 0x01, 0x01,
    0x0d, 0x22, 0xcc, 0x1a, 0x80, 0x02, 0x42, 0xa6, 0x23, 0xa2, 0xc5, 0x80, 0xf2, 0x01, 0x01, 0x01,
    0x0a, 0x80, 0x05, 0x62, 0xa5, 0x2a, 0xa1, 0xfe, 0x80, 0xf5, 0x01, 0x01, 0x14, 0x80, 0x01, 0x42,
    0xa5, 0x23, 0xa1, 0xc5, 0x82, 0xf1, 0x04, 0x62, 0xa4, 0x23, 0xa0, 0x2b, 0x80, 0xf4, 0xb8, 0x01,
    0x01, 0x01, 0x0d, 0x22, 0xcd, 0x17, 0x80, 0x02, 0x42, 0xa6, 0x2a, 0xa2, 0xd3, 0x80, 0xf2, 0x01,
    0x01, 0x01, 0x0a, 0x80, 0x05, 0x62, 0xa5, 0x23, 0xa1, 0x2b, 0x80, 0xf5, 0x01, 0x01, 0x12, 0x80,
    0x01, 0x42, 0xa5, 0x2a, 0xa1, 0xd3, 0x82, 0xf1, 0x04, 0x62, 0xa4, 0x23, 0xa0, 0xc5, 0x80, 0xf4,
    0x03, 0xb8, 0x01, 0x01, 0x01, 0x0d, 0x22, 0xcc, 0x1a, 0x80, 0x02, 0x42, 0xa6, 0x2a, 0xa2, 0xfe,
    0x80, 0xf2, 0x01, 0x01, 0x0a, 0x80, 0x05, 0x62, 0xa5, 0x23, 0xa1, 0xc5, 0x80, 0xf5, 0x01, 0x01,
    0x01, 0x14, 0x80, 0x01, 0x42, 0xa5, 0x2a, 0xa1, 0xfe, 0x82, 0xf1, 0x04, 0x62, 0xa4, 0x2a, 0xa0,
    0xd3, 0x80, 0xf4, 0xb8, 0x01, 0x01, 0x01, 0x17, 0x26, 0x8c, 0x2c, 0xc0, 0x1e, 0x80, 0x00, 0x42,
    0xa4, 0x0a, 0xa0, 0xfe, 0x82, 0xf0, 0x02, 0x42, 0xa6, 0x22, 0xa2, 0xfe, 0x80, 0xf2, 0x01, 0x01,
    0x01, 0x0a, 0x80, 0x05, 0x62, 0xa5, 0x2a, 0xa1, 0xd3, 0x80, 0xf5, 0x01, 0x01, 0x15, 0x22, 0xad,
    0x2c, 0x80, 0x01, 0x42, 0xa5, 0x22, 0xa1, 0xfe, 0x82, 0xf1, 0x04, 0x62, 0xa4, 0x2a, 0xa0, 0xfe,
    0x80, 0xf4, 0x01, 0x01, 0x01, 0x15, 0x22, 0x86, 0x2f, 0x80, 0x00, 0x42, 0xa4, 0x0a, 0xa0, 0xd3,
    0x82, 0xf0, 0x02, 0x42, 0xa6, 0x23, 0xa2, 0xc5, 0x80, 0xf2, 0x01, 0x01, 0x0a, 0x80, 0x05, 0x62,
    0xa5, 0x2a, 0xa1, 0xfe, 0x80, 0xf5, 0x01, 0x01, 0x01, 0x17, 0x22, 0xa8, 0x2f, 0x80, 0x01, 0x42,
    0xa5, 0x23, 0xa1, 0xc5, 0x82, 0xf1, 0x04, 0x62, 0xa4, 0x22, 0xa0, 0xfe, 0x80, 0xf4, 0xb8, 0x01,
    0x01, 0x01, 0x15, 0x22, 0x8c, 0x2c, 0x80, 0x00, 0x42, 0xa4, 0x0a, 0xa0, 0xfe, 0x82, 0xf0, 0x02,
    0x42, 0xa6, 0x2a, 0xa2, 0x84, 0x80, 0xf2, 0x01, 0x01, 0x0a, 0x80, 0x05, 0x62, 0xa5, 0x22, 0xa1,
    0xfe, 0x80, 0xf5, 0x01, 0x01, 0x01, 0x15, 0x22, 0xad, 0x2c, 0x80, 0x01, 0x42, 0xa5, 0x2a, 0xa1,
    0x84, 0x82, 0xf1, 0x04, 0x62, 0xa4, 0x23, 0xa0, 0xc5, 0x80, 0xf4, 0x01, 0x01, 0x0a, 0x80, 0x02,
    0x42, 0xa6, 0x2a, 0xa2, 0xd3, 0x80, 0xf2, 0x01, 0x01, 0x01, 0x0a, 0x80, 0x05, 0x62, 0xa5, 0x23,
    0xa1, 0xc5, 0x80, 0xf5, 0x01, 0x01, 0x12, 0x80, 0x01, 0x42, 0xa5, 0x2a, 0xa1, 0xd3, 0x82, 0xf1,
    0x04, 0x62, 0xa4, 0x2a, 0xa0, 0x84, 0x80, 0xf4, 0x03, 0xb8, 0x01, 0x01, 0x01, 0x0a, 0x80, 0x02,
    0x42, 0xa6, 0x22, 0xa2, 0xfe, 0x80, 0xf2, 0x01, 0x01, 0x0a, 0x80, 0x05, 0x62, 0xa5, 0x2a, 0xa1,
    0x84, 0x80, 0xf5, 0x01, 0x01, 0x01, 0x12, 0x80, 0x01, 0x42, 0xa5, 0x22, 0xa1, 0xfe, 0x82, 0xf1,
    0x04, 0x62, 0xa4, 0x2a, 0xa0, 0xd3, 0x80, 0xf4, 0x01, 0x01, 0x0a, 0x80, 0x02, 0x42, 0xa6, 0x23,
    0xa2, 0xc5, 0x80, 0xf2, 0x01, 0x01, 0x01, 0x0a, 0x80, 0x05, 0x62, 0xa5, 0x2a, 0xa1, 0xd3, 0x80,
    0xf5, 0x01, 0x01, 0x12, 0x80, 0x01, 0x42, 0xa5, 0x23, 0xa1, 0xc5, 0x82, 0xf1, 0x04, 0x62, 0xa4,
    0x22, 0xa0, 0xfe, 0x80, 0xf4, 0x01, 0x01, 0x01, 0x0a, 0x80, 0x02, 0x42, 0xa6, 0x2a, 0xa2, 0x84,
    0x80, 0xf2, 0x01, 0x01, 0x0a, 0x80, 0x05, 0x62, 0xa5, 0x22, 0xa1, 0xfe, 0x80, 0xf5, 0x01, 0x01,
    0x12, 0x80, 0x01, 0x42, 0xa5, 0x2a, 0xa1, 0x84, 0x82, 0xf1, 0x04, 0x62, 0xa4, 0x23, 0xa0, 0xc5,
    0x80, 0xf4, 0x01, 0x01, 0x01, 0x0a, 0x80, 0x02, 0x42, 0xa6, 0x2a, 0xa2, 0xd3, 0x80, 0xf2, 0x01,
    0x01, 0x0a, 0x80, 0x05, 0x62, 0xa5, 0x23, 0xa1, 0xc5, 0x80, 0xf5, 0x01, 0x01, 0x01, 0x14, 0x80,
    0x01, 0x42, 0xa5, 0x2a, 0xa1, 0xd3, 0x82, 0xf1, 0x04, 0x62, 0xa4, 0x2a, 0xa0, 0x84, 0x80, 0xf4,
    0xb8, 0x01, 0x01, 0x01, 0x15, 0x22, 0x88, 0x23, 0x80, 0x00, 0x42, 0xa4, 0x0b, 0xa0, 0xc5, 0x82,
    0xf0, 0x02, 0x42, 0xa6, 0x22, 0xa2, 0xfe, 0x80, 0xf2, 0x01, 0x01, 0x01, 0x0a, 0x80, 0x05, 0x62,
    0xa5, 0x2a, 0xa1, 0x84, 0x80, 0xf5, 0x01, 0x01, 0x15, 0x22, 0xa9, 0x23, 0x80, 0x01, 0x42, 0xa5,
    0x22, 0xa1, 0xfe, 0x82, 0xf1, 0x04, 0x62, 0xa4, 0x2a, 0xa0, 0xd3, 0x80, 0xf4, 0x01, 0x01, 0x01,
    0x0a, 0x80, 0x02, 0x42, 0xa6, 0x23, 0xa2, 0xc5, 0x80, 0xf2, 0x01, 0x01, 0x0a, 0x80, 0x05, 0x62,
    0xa5, 0x2a, 0xa1, 0xd3, 0x80, 0xf5, 0x01, 0x01, 0x01, 0x14, 0x80, 0x01, 0x42, 0xa5, 0x23, 0xa1,
    0xc5, 0x82, 0xf1, 0x04, 0x62, 0xa4, 0x22, 0xa0, 0xfe, 0x80, 0xf4, 0xb8, 0x01, 0x01, 0x01, 0x0a,
    0x80, 0x02, 0x42, 0xa6, 0x2a, 0xa2, 0x84, 0x80, 0xf2, 0x01, 0x01, 0x01, 0x0a, 0x80, 0x05, 0x62,
    0xa5, 0x22, 0xa1, 0xfe, 0x80, 0xf5, 0x01, 0x01, 0x1d, 0x22, 0x86, 0x16, 0x80, 0x00, 0x42, 0xa4,
    0x12, 0xa0, 0xfe, 0x82, 0xf0, 0x01, 0x42, 0xa5, 0x2a, 0xa1, 0x84, 0x82, 0xf1, 0x04, 0x62, 0xa4,
    0x23, 0xa0, 0xc5, 0x80, 0xf4, 0x01, 0x01, 0x0a, 0x80, 0x02, 0x42, 0xa6, 0x2a, 0xa2, 0xd3, 0x80,
    0xf2, 0x01, 0x01, 0x01, 0x0d, 0x22, 0xa7, 0x16, 0x80, 0x05, 0x62, 0xa5, 0x23, 0xa1, 0xc5, 0x80,
    0xf5, 0x01, 0x01, 0x12, 0x80, 0x01, 0x42, 0xa5, 0x2a, 0xa1, 0xd3, 0x82, 0xf1, 0x04, 0x62, 0xa4,
    0x2a, 0xa0, 0x84, 0x80, 0xf4, 0x03, 0xb8, 0x01, 0x01, 0x01, 0x0a, 0x80, 0x02, 0x42, 0xa6, 0x22,
    0xa2, 0xfe, 0x80, 0xf2, 0x01, 0x01, 0x0a, 0x80, 0x05, 0x62, 0xa5, 0x2a, 0xa1, 0x84, 0x80, 0xf5,
    0x01, 0x01, 0x01, 0x12, 0x80, 0x01, 0x42, 0xa5, 0x22, 0xa1, 0xfe, 0x82, 0xf1, 0x04, 0x62, 0xa4,
    0x2a, 0xa0, 0xd3, 0x80, 0xf4, 0x01, 0x01, 0x0a, 0x80, 0x02, 0x42, 0xa6, 0x23, 0xa2, 0xc5, 0x80,
    0xf2, 0x01, 0x01, 0x01, 0x15, 0x22, 0x8b, 0x17, 0x80, 0x00, 0x42, 0xa4, 0x12, 0xa0, 0xd3, 0x82,
    0xf0, 0x05, 0x62, 0xa5, 0x2a, 0xa1, 0xd3, 0x80, 0xf5, 0x01, 0x01, 0x12, 0x80, 0x01, 0x42, 0xa5,
    0x23, 0xa1, 0xc5, 0x82, 0xf1, 0x04, 0x62, 0xa4, 0x22, 0xa0, 0xfe, 0x80, 0xf4, 0x03, 0xb8, 0x01,
    0x01, 0x01, 0x0d, 0x22, 0xac, 0x17, 0x80, 0x02, 0x42, 0xa6, 0x2a, 0xa2, 0x84, 0x80, 0xf2, 0x01,
    0x01, 0x0a, 0x80, 0x05, 0x62, 0xa5, 0x22, 0xa1, 0xfe, 0x80, 0xf5, 0x01, 0x01, 0x01, 0x14, 0x80,
    0x01, 0x42, 0xa5, 0x2a, 0xa1, 0x84, 0x82, 0xf1, 0x04, 0x62, 0xa4, 0x23, 0xa0, 0xc5, 0x80, 0xf4,
    0xb8, 0x01, 0x01, 0x01, 0x0a, 0x80, 0x02, 0x42, 0xa6, 0x2a, 0xa2, 0xd3, 0x80, 0xf2, 0x01, 0x01,
    0x0a, 0x80, 0x05, 0x62, 0xa5, 0x23, 0xa1, 0xc5, 0x80, 0xf5, 0x01, 0x01, 0x01, 0x14, 0x80, 0x01,
    0x42, 0xa5, 0x2a, 0xa1, 0xd3, 0x82, 0xf1, 0x04, 0x62, 0xa4, 0x2a, 0xa0, 0x84, 0x80, 0xf4, 0xb8,
    0x01, 0x01, 0x01, 0x17, 0x26, 0x86, 0x2f, 0xcc, 0x1f, 0x80, 0x00, 0x42, 0xa4, 0x0a, 0xa0, 0xd3,
    0x82, 0xf0, 0x02, 0x42, 0xa6, 0x22, 0xa2, 0xd3, 0x80, 0xf2, 0x01, 0x01, 0x01, 0x0a, 0x80, 0x05,
    0x62, 0xa5, 0x2a, 0xa1, 0x84, 0x80, 0xf5, 0x01, 0x01, 0x15, 0x22, 0xa8, 0x2f, 0x80, 0x01, 0x42,
    0xa5, 0x22, 0xa1, 0xd3, 0x82, 0xf1, 0x04, 0x62, 0xa4, 0x2a, 0xa0, 0xd3, 0x80, 0xf4, 0x01, 0x01,
    0x01, 0x15, 0x22, 0x83, 0x32, 0x80, 0x00, 0x42, 0xa4, 0x0a, 0xa0, 0xaa, 0x82, 0xf0, 0x02, 0x42,
    0xa6, 0x23, 0xa2, 0xc5, 0x80, 0xf2, 0x01, 0x01, 0x0a, 0x80, 0x05, 0x62, 0xa5, 0x2a, 0xa1, 0xd3,
    0x80, 0xf5, 0x01, 0x01, 0x01, 0x17, 0x22, 0xa5, 0x32, 0x80, 0x01, 0x42, 0xa5, 0x23, 0xa1, 0xc5,
    0x82, 0xf1, 0x04, 0x62, 0xa4, 0x22, 0xa0, 0xd3, 0x80, 0xf4, 0xb8, 0x01, 0x01, 0x01, 0x15, 0x22,
    0x86, 0x2f, 0x80, 0x00, 0x42, 0xa4, 0x0a, 0xa0, 0xd3, 0x82, 0xf0, 0x02, 0x42, 0xa6, 0x2a, 0xa2,
    0x84, 0x80, 0xf2, 0x01, 0x01, 0x01, 0x0a, 0x80, 0x05, 0x62, 0xa5, 0x22, 0xa1, 0xd3, 0x80, 0xf5,
    0x01, 0x01, 0x15, 0x22, 0xa8, 0x2f, 0x80, 0x01, 0x42, 0xa5, 0x2a, 0xa1, 0x84, 0x82, 0xf1, 0x04,
    0x62, 0xa4, 0x23, 0xa0, 0xc5, 0x80, 0xf4, 0x01, 0x01, 0x01, 0x0a, 0x80, 0x02, 0x42, 0xa6, 0x2a,
    0xa2, 0xd3, 0x80, 0xf2, 0x01, 0x01, 0x0a, 0x80, 0x05, 0x62, 0xa5, 0x23, 0xa1, 0xc5, 0x80, 0xf5,
    0x01, 0x01, 0x12, 0x80, 0x01, 0x42, 0xa5, 0x2a, 0xa1, 0xd3, 0x82, 0xf1, 0x04, 0x62, 0xa4, 0x2a,
    0xa0, 0x84, 0x80, 0xf4, 0x03, 0xb8, 0x01, 0x01, 0x01, 0x0a, 0x80, 0x02, 0x42, 0xa6, 0x22, 0xa2,
    0xd3, 0x80, 0xf2, 0x01, 0x01, 0x0a, 0x80, 0x05, 0x62, 0xa5, 0x2a, 0xa1, 0x84, 0x80, 0xf5, 0x01,
    0x01, 0x01, 0x12, 0x80, 0x01, 0x42, 0xa5, 0x22, 0xa1, 0xd3, 0x82, 0xf1, 0x04, 0x62, 0xa4, 0x2a,
    0xa0, 0xd3, 0x80, 0xf4, 0x01, 0x01, 0x0a, 0x80, 0x02, 0x42, 0xa6, 0x23, 0xa2, 0xc5, 0x80, 0xf2,
    0x01, 0x01, 0x01, 0x0a, 0x80, 0x05, 0x62, 0xa5, 0x2a, 0xa1, 0xd3, 0x80, 0xf5, 0x01, 0x01, 0x12,
    0x80, 0x01, 0x42, 0xa5, 0x23, 0xa1, 0xc5, 0x82, 0xf1, 0x04, 0x62, 0xa4, 0x22, 0xa0, 0xd3, 0x80,
    0xf4, 0x01, 0x01, 0x01, 0x0a, 0x80, 0x02, 0x42, 0xa6, 0x2a, 0xa2, 0x84, 0x80, 0xf2, 0x01, 0x01,
    0x0a, 0x80, 0x05, 0x62, 0xa5, 0x22, 0xa1, 0xd3, 0x80, 0xf5, 0x01, 0x01, 0x01, 0x12, 0x80, 0x01,
    0x42, 0xa5, 0x2a, 0xa1, 0x84, 0x82, 0xf1, 0x04, 0x62, 0xa4, 0x23, 0xa0, 0xc5, 0x80, 0xf4, 0x01,
    0x01, 0x0a, 0x80, 0x02, 0x42, 0xa6, 0x2a, 0xa2, 0xd3, 0x80, 0xf2, 0x01, 0x01, 0x01, 0x0a, 0x80,
    0x05, 0x62, 0xa5, 0x23, 0xa1, 0xc5, 0x80, 0xf5, 0x01, 0x01, 0x14, 0x80, 0x01, 0x42, 0xa5, 0x2a,
    0xa1, 0xd3, 0x82, 0xf1, 0x04, 0x62, 0xa4, 0x2a, 0xa0, 0x84, 0x80, 0xf4, 0xb8, 0x01, 0x01, 0x01,
    0x15, 0x22, 0x88, 0x23, 0x80, 0x00, 0x42, 0xa4, 0x0b, 0xa0, 0xc5, 0x82, 0xf0, 0x02, 0x42, 0xa6,
    0x22, 0xa2, 0xd3, 0x80, 0xf2, 0x01, 0x01, 0x01, 0x0a, 0x80, 0x05, 0x62, 0xa5, 0x2a, 0xa1, 0x84,
    0x80, 0xf5, 0x01, 0x01, 0x15, 0x22, 0xa9, 0x23, 0x80, 0x01, 0x42, 0xa5, 0x22, 0xa1, 0xd3, 0x82,
    0xf1, 0x04, 0x62, 0xa4, 0x2a, 0xa0, 0xd3, 0x80, 0xf4, 0x01, 0x01, 0x01, 0x0a, 0x80, 0x02, 0x42,
    0xa6, 0x23, 0xa2, 0xc5, 0x80, 0xf2, 0x01, 0x01, 0x0a, 0x80, 0x05, 0x62, 0xa5, 0x2a, 0xa1, 0xd3,
    0x80, 0xf5, 0x01, 0x01, 0x01, 0x14, 0x80, 0x01, 0x42, 0xa5, 0x23, 0xa1, 0xc5, 0x82, 0xf1, 0x04,
    0x62, 0xa4, 0x22, 0xa0, 0xd3, 0x80, 0xf4, 0xb8, 0x01, 0x01, 0x01, 0x0a, 0x80, 0x02, 0x42, 0xa6,
    0x2a, 0xa2, 0x84, 0x80, 0xf2, 0x01, 0x01, 0x01, 0x0a, 0x80, 0x05, 0x62, 0xa5, 0x22, 0xa1, 0xd3,
    0x80, 0xf5, 0x01, 0x01, 0x1d, 0x22, 0x8b, 0x17, 0x80, 0x00, 0x42, 0xa4, 0x12, 0xa0, 0xd3, 0x82,
    0xf0, 0x01, 0x42, 0xa5, 0x2a, 0xa1, 0x84, 0x82, 0xf1, 0x04, 0x62, 0xa4, 0x23, 0xa0, 0xc5, 0x80,
    0xf4, 0x01, 0x01, 0x01, 0x0a, 0x80, 0x02, 0x42, 0xa6, 0x2a, 0xa2, 0xd3, 0x80, 0xf2, 0x01, 0x01,
    0x0d, 0x22, 0xac, 0x17, 0x80, 0x05, 0x62, 0xa5, 0x23, 0xa1, 0xc5, 0x80, 0xf5, 0x01, 0x01, 0x01,
    0x14, 0x80, 0x01, 0x42, 0xa5, 0x2a, 0xa1, 0xd3, 0x82, 0xf1, 0x04, 0x62, 0xa4, 0x2a, 0xa0, 0x84,
    0x80, 0xf4, 0xb8, 0x01, 0x01, 0x01, 0x0a, 0x80, 0x02, 0x42, 0xa6, 0x22, 0xa2, 0xd3, 0x80, 0xf2,
    0x01, 0x01, 0x0a, 0x80, 0x05, 0x62, 0xa5, 0x2a, 0xa1, 0x84, 0x80, 0xf5, 0x01, 0x01, 0x01, 0x12,
    0x80, 0x01, 0x42, 0xa5, 0x22, 0xa1, 0xd3, 0x82, 0xf1, 0x04, 0x62, 0xa4, 0x2a, 0xa0, 0xd3, 0x80,
    0xf4, 0x01, 0x01, 0x0a, 0x80, 0x02, 0x42, 0xa6, 0x23, 0xa2, 0xc5, 0x80, 0xf2, 0x01, 0x01, 0x01,
    0x15, 0x22, 0x82, 0x19, 0x80, 0x00, 0x42, 0xa4, 0x12, 0xa0, 0xaa, 0x82, 0xf0, 0x05, 0x62, 0xa5,
    0x2a, 0xa1, 0xd3, 0x80, 0xf5, 0x01, 0x01, 0x12, 0x80, 0x01, 0x42, 0xa5, 0x23, 0xa1, 0xc5, 0x82,
    0xf1, 0x04, 0x62, 0xa4, 0x22, 0xa0, 0xd3, 0x80, 0xf4, 0x03, 0xb8, 0x01, 0x01, 0x01, 0x0d, 0x22,
    0xa3, 0x19, 0x80, 0x02, 0x42, 0xa6, 0x2a, 0xa2, 0x84, 0x80, 0xf2, 0x01, 0x01, 0x0a, 0x80, 0x05,
    0x62, 0xa5, 0x22, 0xa1, 0xd3, 0x80, 0xf5, 0x01, 0x01, 0x01, 0x14, 0x80, 0x01, 0x42, 0xa5, 0x2a,
    0xa1, 0x84, 0x82, 0xf1, 0x04, 0x62, 0xa4, 0x23, 0xa0, 0xc5, 0x80, 0xf4, 0xb8, 0x01, 0x01, 0x01,
    0x0a, 0x80, 0x02, 0x42, 0xa6, 0x2a, 0xa2, 0xd3, 0x80, 0xf2, 0x01, 0x01, 0x01, 0x0a, 0x80, 0x05,
    0x62, 0xa5, 0x23, 0xa1, 0xc5, 0x80, 0xf5, 0x01, 0x01, 0x12, 0x80, 0x01, 0x42, 0xa5, 0x2a, 0xa1,
    0xd3, 0x82, 0xf1, 0x04, 0x62, 0xa4, 0x2a, 0xa0, 0x84, 0x80, 0xf4, 0x03, 0xb8, 0x01, 0x01, 0x01,
    0x17, 0x26, 0x86, 0x2f, 0xcd, 0x25, 0x80, 0x00, 0x42, 0xa4, 0x0a, 0xa0, 0xd3, 0x82, 0xf0, 0x02,
    0x42, 0xa6, 0x22, 0xa2, 0x84, 0x80, 0xf2, 0x01, 0x01, 0x0a, 0x80, 0x05, 0x62, 0xa5, 0x2a, 0xa1,
    0x84, 0x80, 0xf5, 0x01, 0x01, 0x15, 0x22, 0xa8, 0x2f, 0x80, 0x01, 0x42, 0xa5, 0x22, 0xa1, 0x84,
    0x82, 0xf1, 0x04, 0x62, 0xa4, 0x2a, 0xa0, 0xd3, 0x80, 0xf4, 0x01, 0x01, 0x01, 0x15, 0x22, 0x8a,
    0x25, 0x80, 0x00, 0x42, 0xa4, 0x0b, 0xa0, 0x8e, 0x82, 0xf0, 0x02, 0x42, 0xa6, 0x23, 0xa2, 0x8e,
    0x80, 0xf2, 0x01, 0x01, 0x0a, 0x80, 0x05, 0x62, 0xa5, 0x2a, 0xa1, 0xd3, 0x80, 0xf5, 0x01, 0x01,
    0x01, 0x17, 0x22, 0xab, 0x25, 0x80, 0x01, 0x42, 0xa5, 0x23, 0xa1, 0x8e, 0x82, 0xf1, 0x04, 0x62,
    0xa4, 0x22, 0xa0, 0x84, 0x80, 0xf4, 0xb8, 0x01, 0x01, 0x01, 0x15, 0x22, 0x8a, 0x1f, 0x80, 0x00,
    0x42, 0xa4, 0x0c, 0xa0, 0x3b, 0x82, 0xf0, 0x02, 0x42, 0xa6, 0x24, 0xa2, 0x3b, 0x80, 0xf2, 0x01,
    0x01, 0x01, 0x0a, 0x80, 0x05, 0x62, 0xa5, 0x22, 0xa1, 0x84, 0x80, 0xf5, 0x01, 0x01, 0x15, 0x22,
    0xab, 0x1f, 0x80, 0x01, 0x42, 0xa5, 0x24, 0xa1, 0x3b, 0x82, 0xf1, 0x04, 0x62, 0xa4, 0x23, 0xa0,
    0x8e, 0x80, 0xf4, 0x03, 0xb8, 0x01, 0x01, 0x01, 0x15, 0x22, 0x8a, 0x25, 0x80, 0x00, 0x42, 0xa4,
    0x0b, 0xa0, 0x8e, 0x82, 0xf0, 0x02, 0x42, 0xa6, 0x2a, 0xa2, 0x84, 0x80, 0xf2, 0x01, 0x01, 0x0a,
    0x80, 0x05, 0x62, 0xa5, 0x23, 0xa1, 0x8e, 0x80, 0xf5, 0x01, 0x01, 0x01, 0x17, 0x22, 0xab, 0x25,
    0x80, 0x01, 0x42, 0xa5, 0x2a, 0xa1, 0x84, 0x82, 0xf1, 0x04, 0x62, 0xa4, 0x24, 0xa0, 0x3b, 0x80,
    0xf4, 0xb8, 0x01, 0x01, 0x01, 0x15, 0x22, 0x8a, 0x1f, 0x80, 0x00, 0x42, 0xa4, 0x0c, 0xa0, 0x3b,
    0x82, 0xf0, 0x02, 0x42, 0xa6, 0x23, 0xa2, 0x8e, 0x80, 0xf2, 0x01, 0x01, 0x01, 0x0a, 0x80, 0x05,
    0x62, 0xa5, 0x24, 0xa1, 0x3b, 0x80, 0xf5, 0x01, 0x01, 0x15, 0x22, 0xab, 0x1f, 0x80, 0x01, 0x42,
    0xa5, 0x23, 0xa1, 0x8e, 0x82, 0xf1, 0x04, 0x62, 0xa4, 0x2a, 0xa0, 0x84, 0x80, 0xf4, 0x01, 0x01,
    0x15, 0x22, 0x8a, 0x1a, 0x80, 0x00, 0x42, 0xa4, 0x12, 0xa0, 0x84, 0x82, 0xf0, 0x02, 0x42, 0xa6,
    0x24, 0xa2, 0x3b, 0x80, 0xf2, 0x01, 0x01, 0x01, 0x0a, 0x80, 0x05, 0x62, 0xa5, 0x2a, 0xa1, 0x84,
    0x80, 0xf5, 0x01, 0x01, 0x15, 0x22, 0xab, 0x1a, 0x80, 0x01, 0x42, 0xa5, 0x24, 0xa1, 0x3b, 0x82,
    0xf1, 0x04, 0x62, 0xa4, 0x23, 0xa0, 0x8e, 0x80, 0xf4, 0x03, 0xb8, 0x01, 0x01, 0x01, 0x15, 0x22,
    0x8a, 0x1f, 0x80, 0x00, 0x42, 0xa4, 0x0c, 0xa0, 0x3b, 0x82, 0xf0, 0x02, 0x42, 0xa6, 0x2a, 0xa2,
    0x84, 0x80, 0xf2, 0x01, 0x01, 0x0a, 0x80, 0x05, 0x62, 0xa5, 0x23, 0xa1, 0x8e, 0x80, 0xf5, 0x01,
    0x01, 0x01, 0x17, 0x22, 0xab, 0x1f, 0x80, 0x01, 0x42, 0xa5, 0x2a, 0xa1, 0x84, 0x82, 0xf1, 0x04,
    0x62, 0xa4, 0x24, 0xa0, 0x3b, 0x80, 0xf4, 0xb8, 0x01, 0x01, 0x01, 0x15, 0x22, 0x8a, 0x1a, 0x80,
    0x00, 0x42, 0xa4, 0x12, 0xa0, 0x84, 0x82, 0xf0, 0x02, 0x42, 0xa6, 0x2a, 0xa2, 0xfe, 0x80, 0xf2,
    0x01, 0x01, 0x01, 0x0a, 0x80, 0x05, 0x62, 0xa5, 0x24, 0xa1, 0x3b, 0x80, 0xf5, 0x01, 0x01, 0x15,
    0x22, 0xab, 0x1a, 0x80, 0x01, 0x42, 0xa5, 0x2a, 0xa1, 0xfe, 0x82, 0xf1, 0x04, 0x62, 0xa4, 0x2a,
    0xa0, 0x84, 0x80, 0xf4, 0x03, 0xb8, 0x01, 0x01, 0x01, 0x15, 0x22, 0x86, 0x16, 0x80, 0x00, 0x42,
    0xa4, 0x12, 0xa0, 0xfe, 0x82, 0xf0, 0x02, 0x42, 0xa6, 0x24, 0xa2, 0x3b, 0x80, 0xf2, 0x01, 0x01,
    0x0a, 0x80, 0x05, 0x62, 0xa5, 0x2a, 0xa1, 0x84, 0x80, 0xf5, 0x01, 0x01, 0x01, 0x15, 0x22, 0xa7,
    0x16, 0x80, 0x01, 0x42, 0xa5, 0x24, 0xa1, 0x3b, 0x82, 0xf1, 0x04, 0x62, 0xa4, 0x2a, 0xa0, 0xfe,
    0x80, 0xf4, 0x01, 0x01, 0x15, 0x22, 0x8a, 0x1a, 0x80, 0x00, 0x42, 0xa4, 0x12, 0xa0, 0x84, 0x82,
    0xf0, 0x02, 0x42, 0xa6, 0x2a, 0xa2, 0x84, 0x80, 0xf2, 0x01, 0x01, 0x0a, 0x80, 0x05, 0x62, 0xa5,
    0x2a, 0xa1, 0xfe, 0x80, 0xf5, 0x01, 0x01, 0x01, 0x17, 0x22, 0xab, 0x1a, 0x80, 0x01, 0x42, 0xa5,
    0x2a, 0xa1, 0x84, 0x82, 0xf1, 0x04, 0x62, 0xa4, 0x24, 0xa0, 0x3b, 0x80, 0xf4, 0xb8, 0x01, 0x01,
    0x01, 0x15, 0x22, 0x86, 0x16, 0x80, 0x00, 0x42, 0xa4, 0x12, 0xa0, 0xfe, 0x82, 0xf0, 0x02, 0x42,
    0xa6, 0x2a, 0xa2, 0xfe, 0x80, 0xf2, 0x01, 0x01, 0x01, 0x0a, 0x80, 0x05, 0x62, 0xa5, 0x24, 0xa1,
    0x3b, 0x80, 0xf5, 0x01, 0x01, 0x15, 0x22, 0xa7, 0x16, 0x80, 0x01, 0x42, 0xa5, 0x2a, 0xa1, 0xfe,
    0x82, 0xf1, 0x04, 0x62, 0xa4, 0x2a, 0xa0, 0x84, 0x80, 0xf4, 0x03, 0xb8, 0x01, 0x01, 0x01, 0x15,
    0x22, 0x8d, 0x12, 0x80, 0x00, 0x42, 0xa4, 0x13, 0xa0, 0x8e, 0x82, 0xf0, 0x02, 0x42, 0xa6, 0x2a,
    0xa2, 0x84, 0x80, 0xf2, 0x01, 0x01, 0x0a, 0x80, 0x05, 0x62, 0xa5, 0x2a, 0xa1, 0x84, 0x80, 0xf5,
    0x01, 0x01, 0x01, 0x17, 0x22, 0xae, 0x12, 0x80, 0x01, 0x42, 0xa5, 0x2a, 0xa1, 0x84, 0x82, 0xf1,
    0x04, 0x62, 0xa4, 0x2a, 0xa0, 0xfe, 0x80, 0xf4, 0xb8, 0x01, 0x01, 0x01, 0x15, 0x22, 0x8d, 0x0f,
    0x80, 0x00, 0x42, 0xa4, 0x14, 0xa0, 0x3b, 0x82, 0xf0, 0x02, 0x42, 0xa6, 0x2a, 0xa2, 0xfe, 0x80,
    0xf2, 0x01, 0x01, 0x01, 0x0a, 0x80, 0x05, 0x62, 0xa5, 0x2a, 0xa1, 0xfe, 0x80, 0xf5, 0x01, 0x01,
    0x15, 0x22, 0xae, 0x0f, 0x80, 0x01, 0x42, 0xa5, 0x2a, 0xa1, 0xfe, 0x82, 0xf1, 0x04, 0x62, 0xa4,
    0x2a, 0xa0, 0x84, 0x80, 0xf4, 0x01, 0x01, 0x01, 0x15, 0x22, 0x8d, 0x12, 0x80, 0x00, 0x42, 0xa4,
    0x13, 0xa0, 0x8e, 0x82, 0xf0, 0x02, 0x42, 0xa6, 0x2b, 0xa2, 0x8e, 0x80, 0xf2, 0x01, 0x01, 0x0a,
    0x80, 0x05, 0x62, 0xa5, 0x2a, 0xa1, 0x84, 0x80, 0xf5, 0x01, 0x01, 0x15, 0x22, 0xae, 0x12, 0x80,
    0x01, 0x42, 0xa5, 0x2b, 0xa1, 0x8e, 0x82, 0xf1, 0x04, 0x62, 0xa4, 0x2a, 0xa0, 0xfe, 0x80, 0xf4,
    0x03, 0xb8, 0x01, 0x01, 0x01, 0x15, 0x22, 0x86, 0x16, 0x80, 0x00, 0x42, 0xa4, 0x12, 0xa0, 0xfe,
    0x82, 0xf0, 0x02, 0x42, 0xa6, 0x2a, 0xa2, 0xfe, 0x80, 0xf2, 0x01, 0x01, 0x0a, 0x80, 0x05, 0x62,
    0xa5, 0x2a, 0xa1, 0xfe, 0x80, 0xf5, 0x01, 0x01, 0x01, 0x17, 0x22, 0xa7, 0x16, 0x80, 0x01, 0x42,
    0xa5, 0x2a, 0xa1, 0xfe, 0x82, 0xf1, 0x04, 0x62, 0xa4, 0x2b, 0xa0, 0x8e, 0x80, 0xf4, 0xb8, 0x01,
    0x01, 0x01, 0x15, 0x22, 0x8a, 0x1a, 0x80, 0x00, 0x42, 0xa4, 0x12, 0xa0, 0x84, 0x82, 0xf0, 0x02,
    0x42, 0xa6, 0x2b, 0xa2, 0x8e, 0x80, 0xf2, 0x01, 0x01, 0x01, 0x0a, 0x80, 0x05, 0x62, 0xa5, 0x2b,
    0xa1, 0x8e, 0x80, 0xf5, 0x01, 0x01, 0x15, 0x22, 0xab, 0x1a, 0x80, 0x01, 0x42, 0xa5, 0x2b, 0xa1,
    0x8e, 0x82, 0xf1, 0x04, 0x62, 0xa4, 0x2a, 0xa0, 0xfe, 0x80, 0xf4, 0x03, 0xb8, 0x02, 0x01, 0x01,
    0x17, 0x26, 0x86, 0x16, 0xcb, 0x23, 0x80, 0x00, 0x42, 0xa4, 0x12, 0xa0, 0xfe, 0x82, 0xf0, 0x02,
    0x42, 0xa6, 0x2c, 0xa2, 0x3b, 0x80, 0xf2, 0x01, 0x01, 0x0a, 0x80, 0x05, 0x62, 0xa5, 0x2a, 0xa1,
    0xfe, 0x80, 0xf5, 0x01, 0x01, 0x01, 0x15, 0x22, 0xa7, 0x16, 0x80, 0x01, 0x42, 0xa5, 0x2c, 0xa1,
    0x3b, 0x82, 0xf1, 0x04, 0x62, 0xa4, 0x2b, 0xa0, 0x8e, 0x80, 0xf4, 0x01, 0x01, 0x15, 0x22, 0x8a,
    0x1a, 0x80, 0x00, 0x42, 0xa4, 0x12, 0xa0, 0x84, 0x82, 0xf0, 0x02, 0x42, 0xa6, 0x2b, 0xa2, 0x8e,
    0x80, 0xf2, 0x01, 0x01, 0x01, 0x0a, 0x80, 0x05, 0x62, 0xa5, 0x2b, 0xa1, 0x8e, 0x80, 0xf5, 0x01,
    0x01, 0x17, 0x22, 0xab, 0x1a, 0x80, 0x01, 0x42, 0xa5, 0x2b, 0xa1, 0x8e, 0x82, 0xf1, 0x04, 0x62,
    0xa4, 0x2c, 0xa0, 0x3b, 0x80, 0xf4, 0xb8, 0x02, 0x01, 0x01, 0x15, 0x22, 0x8a, 0x1f, 0x80, 0x00,
    0x42, 0xa4, 0x0c, 0xa0, 0x3b, 0x82, 0xf0, 0x02, 0x42, 0xa6, 0x2c, 0xa2, 0x3b, 0x80, 0xf2, 0x01,
    0x01, 0x01, 0x0a, 0x80, 0x05, 0x62, 0xa5, 0x2c, 0xa1, 0x3b, 0x80, 0xf5, 0x01, 0x01, 0x15, 0x22,
    0xab, 0x1f, 0x80, 0x01, 0x42, 0xa5, 0x2c, 0xa1, 0x3b, 0x82, 0xf1, 0x04, 0x62, 0xa4, 0x2b, 0xa0,
    0x8e, 0x80, 0xf4, 0x03, 0xb8, 0x02, 0x01, 0x01, 0x15, 0x22, 0x8a, 0x25, 0x80, 0x00, 0x42, 0xa4,
    0x0b, 0xa0, 0x8e, 0x82, 0xf0, 0x02, 0x42, 0xa6, 0x32, 0xa2, 0x84, 0x80, 0xf2, 0x01, 0x01, 0x0a,
    0x80, 0x05, 0x62, 0xa5, 0x2b, 0xa1, 0x8e, 0x80, 0xf5, 0x01, 0x01, 0x01, 0x17, 0x22, 0xab, 0x25,
    0x80, 0x01, 0x42, 0xa5, 0x32, 0xa1, 0x84, 0x82, 0xf1, 0x04, 0x62, 0xa4, 0x2c, 0xa0, 0x3b, 0x80,
    0xf4, 0xb8, 0x01, 0x01, 0x01, 0x18, 0x30, 0xbf, 0x24, 0x88, 0x23, 0x94, 0x80, 0x00, 0x42, 0xa4,
    0x0b, 0xa0, 0xc5, 0x82, 0xf0, 0x02, 0x42, 0xa6, 0x23, 0xa2, 0xc5, 0x80, 0xf2, 0x01, 0x01, 0x01,
    0x01, 0x01, 0x01, 0x11, 0x34, 0x95, 0xb5, 0xd5, 0x22, 0xa9, 0x23, 0x80, 0x01, 0x42, 0xa5, 0x23,
    0xa1, 0xc5, 0x80, 0xf1, 0x01, 0x01, 0x01, 0x0a, 0x80, 0x02, 0x42, 0xa6, 0x24, 0xa2, 0x7b, 0x80,
    0xf2, 0x01, 0x01, 0x05, 0x24, 0x96, 0xb6, 0xd6, 0x01, 0x01, 0x01, 0x1b, 0x80, 0x01, 0x42, 0xa5,
    0x24, 0xa1, 0x7b, 0x82, 0xf1, 0x04, 0x62, 0xa4, 0x23, 0xa0, 0xc5, 0x80, 0xf4, 0x64, 0x44, 0x24,
    0x48, 0x24, 0x4c, 0x19, 0xb8, 0x01, 0x01, 0x01, 0x0e, 0x34, 0x97, 0xb7, 0xd7, 0x80, 0x02, 0x42,
    0xa6, 0x2a, 0xa2, 0xd3, 0x80, 0xf2, 0x01, 0x01, 0x11, 0x80, 0x05, 0x62, 0xa5, 0x23, 0xa1, 0xc5,
    0x80, 0xf5, 0x64, 0x45, 0x26, 0x49, 0x26, 0x4d, 0x1b, 0x01, 0x01, 0x01, 0x16, 0x24, 0x98, 0xb8,
    0xd8, 0x80, 0x01, 0x42, 0xa5, 0x2a, 0xa1, 0xd3, 0x82, 0xf1, 0x04, 0x62, 0xa4, 0x24, 0xa0, 0x7b,
    0x80, 0xf4, 0x01, 0x01, 0x0a, 0x80, 0x02, 0x42, 0xa6, 0x2a, 0xa2, 0xfe, 0x80, 0xf2, 0x01, 0x01,
    0x01, 0x0e, 0x34, 0x99, 0xb9, 0xd9, 0x80, 0x05, 0x62, 0xa5, 0x24, 0xa1, 0x7b, 0x80, 0xf5, 0x01,
    0x01, 0x12, 0x80, 0x01, 0x42, 0xa5, 0x2a, 0xa1, 0xfe, 0x82, 0xf1, 0x04, 0x62, 0xa4, 0x2a, 0xa0,
    0xd3, 0x80, 0xf4, 0x01, 0x01, 0x01, 0x0e, 0x24, 0x9a, 0xba, 0xda, 0x80, 0x02, 0x42, 0xa6, 0x23,
    0xa2, 0xc5, 0x80, 0xf2, 0x01, 0x01, 0x0a, 0x80, 0x05, 0x62, 0xa5, 0x2a, 0xa1, 0xd3, 0x80, 0xf5,
    0x01, 0x01, 0x01, 0x16, 0x34, 0x9b, 0xbb, 0xdb, 0x80, 0x01, 0x42, 0xa5, 0x23, 0xa1, 0xc5, 0x82,
    0xf1, 0x04, 0x62, 0xa4, 0x2a, 0xa0, 0xfe, 0x80, 0xf4, 0x01, 0x01, 0x0a, 0x80, 0x02, 0x42, 0xa6,
    0x24, 0xa2, 0x7b, 0x80, 0xf2, 0x01, 0x01, 0x01, 0x0e, 0x24, 0x9c, 0xbc, 0xdc, 0x80, 0x05, 0x62,
    0xa5, 0x2a, 0xa1, 0xfe, 0x80, 0xf5, 0x01, 0x01, 0x12, 0x80, 0x01, 0x42, 0xa5, 0x24, 0xa1, 0x7b,
    0x82, 0xf1, 0x04, 0x62, 0xa4, 0x23, 0xa0, 0xc5, 0x80, 0xf4, 0x01, 0x01, 0x01, 0x0e, 0x34, 0x9d,
    0xbd, 0xdd, 0x80, 0x02, 0x42, 0xa6, 0x2a, 0xa2, 0xd3, 0x80, 0xf2, 0x01, 0x01, 0x0a, 0x80, 0x05,
    0x62, 0xa5, 0x23, 0xa1, 0xc5, 0x80, 0xf5, 0x01, 0x01, 0x16, 0x24, 0x9e, 0xbe, 0xde, 0x80, 0x01,
    0x42, 0xa5, 0x2a, 0xa1, 0xd3, 0x82, 0xf1, 0x04, 0x62, 0xa4, 0x24, 0xa0, 0x7b, 0x80, 0xf4, 0x01,
    0x01, 0x01, 0x0a, 0x80, 0x02, 0x42, 0xa6, 0x2a, 0xa2, 0xfe, 0x80, 0xf2, 0x01, 0x01, 0x0e, 0x34,
    0x9f, 0xbf, 0xdf, 0x80, 0x05, 0x62, 0xa5, 0x24, 0xa1, 0x7b, 0x80, 0xf5, 0x01, 0x01, 0x01, 0x14,
    0x80, 0x01, 0x42, 0xa5, 0x2a, 0xa1, 0xfe, 0x82, 0xf1, 0x04, 0x62, 0xa4, 0x2a, 0xa0, 0xd3, 0x80,
    0xf4, 0xa0, 0x00, 0x01, 0x03, 0xb8, 0x01, 0x0d, 0x88, 0x00, 0x01, 0x02, 0x04, 0x05, 0xfa, 0xfc,
    0xc3, 0x0f, 0x00, 0xfe, 0x74, 0x00, 0x00, 0x00, 0x4c, 0x65, 0x67, 0x65, 0x6e, 0x64, 0x20, 0x6f,
    0x66, 0x20, 0x5a, 0x65, 0x6c, 0x64, 0x61, 0x20, 0x55, 0x6e, 0x64, 0x65, 0x72, 0x77, 0x6f, 0x72,
    0x6c, 0x64, 0x00, 0x00, 0x4c, 0x61, 0x77, 0x72, 0x65, 0x6e, 0x63, 0x65, 0x20, 0x4d, 0x63, 0x43,
    0x6f, 0x72, 0x6d, 0x69, 0x63, 0x6b, 0x20, 0x28, 0x61, 0x6b, 0x61, 0x20, 0x49, 0x6e, 0x67, 0x6c,
    0x65, 0x62, 0x61, 0x72, 0x64, 0x29, 0x00, 0x00, 0x44, 0x65, 0x66, 0x6c, 0x65, 0x4d, 0x61, 0x73,
    0x6b, 0x20, 0x54, 0x72, 0x61, 0x63, 0x6b, 0x65, 0x72, 0x20, 0x2d, 0x20, 0x4f, 0x70, 0x74, 0x69,
    0x6d, 0x69, 0x7a, 0x65, 0x64, 0x20, 0x77, 0x69, 0x74, 0x68, 0x20, 0x58, 0x47, 0x4d, 0x54, 0x6f,
    0x6f, 0x6c, 0x00, 0x00, 0x57, 0x0c, 0x00, 0x00, 0x69, 0x09, 0x00, 0x00
};

const unsigned long uw_theme_xgm_len = 24508UL;
